[{"model": "home.homepage", "pk": 3, "fields": {"banner_title": "珠海拾贝", "banner_subtitle": "<p data-block-key=\"0srlu\">这个博客网站非关悲秋，不是病酒，只是对建站技术的一次尝试。欢迎有兴趣者认领运营。</p>", "banner_image": 1, "banner_cta": null}}, {"model": "blog.bloglistingpage", "pk": 4, "fields": {"custom_title": "<p>hello</p>"}}, {"model": "blog.blogpagetag", "pk": 1, "fields": {"tag": 1, "content_object": 6}}, {"model": "blog.blogpagetag", "pk": 2, "fields": {"tag": 1, "content_object": 7}}, {"model": "blog.blogpagetag", "pk": 3, "fields": {"tag": 2, "content_object": 8}}, {"model": "blog.blogpagetag", "pk": 4, "fields": {"tag": 1, "content_object": 10}}, {"model": "blog.blogtagindexpage", "pk": 5, "fields": {}}, {"model": "blog.blogdetailpage", "pk": 6, "fields": {"custom_title": "blog #1", "author": 1, "create_date": "2022-04-20", "update_date": "2022-04-20", "intro": "This is a test.", "content": "[]"}}, {"model": "blog.blogdetailpage", "pk": 7, "fields": {"custom_title": "blog #2", "author": 1, "create_date": "2022-04-20", "update_date": "2022-04-20", "intro": "good morning!", "content": "[]"}}, {"model": "blog.blogdetailpage", "pk": 8, "fields": {"custom_title": "blog #3", "author": 1, "create_date": "2022-04-20", "update_date": "2022-04-20", "intro": "hello", "content": "[]"}}, {"model": "blog.blogdetailpage", "pk": 9, "fields": {"custom_title": "blog #4", "author": 9, "create_date": "2022-04-22", "update_date": "2022-04-24", "intro": "hello", "content": "[{\"type\": \"paragraph\", \"value\": \"<p data-block-key=\\\"uvkx0\\\">cvzzvcvzvcvDSddsd</p>\", \"id\": \"48d93c37-080f-4a7f-8dd4-76f3167f6f7c\"}, {\"type\": \"image\", \"value\": 4, \"id\": \"2752a53c-7169-4788-916b-5c6082bb0946\"}, {\"type\": \"blockquote\", \"value\": \"vcvxczbzbzbzb\", \"id\": \"535ab63d-7659-428e-8036-4ba599c36c8e\"}]"}}, {"model": "blog.blogdetailpage", "pk": 10, "fields": {"custom_title": "blog #5", "author": 1, "create_date": "2022-04-24", "update_date": "2022-04-24", "intro": "hello", "content": "[]"}}, {"model": "blog.blogdetailpage", "pk": 11, "fields": {"custom_title": "blog # 6", "author": 9, "create_date": "2022-05-02", "update_date": "2022-05-02", "intro": "hello", "content": "[]"}}, {"model": "blog.blogpagegalleryimage", "pk": 1, "fields": {"sort_order": 0, "page": 6, "image": 2}}, {"model": "blog.blogpagegalleryimage", "pk": 2, "fields": {"sort_order": 0, "page": 7, "image": 3}}, {"model": "blog.blogpagegalleryimage", "pk": 3, "fields": {"sort_order": 0, "page": 8, "image": 4}}, {"model": "blog.blogpagegalleryimage", "pk": 5, "fields": {"sort_order": 0, "page": 9, "image": 18}}, {"model": "blog.blogpagegalleryimage", "pk": 6, "fields": {"sort_order": 0, "page": 10, "image": 3}}, {"model": "blog.blogpagegalleryimage", "pk": 7, "fields": {"sort_order": 0, "page": 11, "image": 26}}, {"model": "user.profile", "pk": 1, "fields": {"user": 1, "avatar": "avatar/2.png"}}, {"model": "user.profile", "pk": 2, "fields": {"user": 3, "avatar": "avatar/2_rrmDGrj.png"}}, {"model": "user.profile", "pk": 3, "fields": {"user": 2, "avatar": "avatar/2.png"}}, {"model": "user.profile", "pk": 4, "fields": {"user": 9, "avatar": "avatar/2.png"}}, {"model": "user.profile", "pk": 5, "fields": {"user": 11, "avatar": "avatar/3.png"}}, {"model": "user.profile", "pk": 6, "fields": {"user": 12, "avatar": "avatar/4_prI8QZ0.png"}}, {"model": "user.profile", "pk": 7, "fields": {"user": 13, "avatar": "avatar/12.jpg"}}, {"model": "user.profile", "pk": 8, "fields": {"user": 14, "avatar": "avatar/2.png"}}, {"model": "user.profile", "pk": 9, "fields": {"user": 15, "avatar": "avatar/5_ODwZ5h0.jpg"}}, {"model": "user.profile", "pk": 10, "fields": {"user": 16, "avatar": "avatar/3.png"}}, {"model": "user.profile", "pk": 11, "fields": {"user": 17, "avatar": "avatar/12.jpg"}}, {"model": "user.profile", "pk": 12, "fields": {"user": 18, "avatar": "avatar/10.jpg"}}, {"model": "user.profile", "pk": 13, "fields": {"user": 19, "avatar": "avatar/8.jpg"}}, {"model": "user.profile", "pk": 14, "fields": {"user": 20, "avatar": "avatar/9.jpg"}}, {"model": "user.profile", "pk": 15, "fields": {"user": 21, "avatar": "avatar/11.jpg"}}, {"model": "user.profile", "pk": 16, "fields": {"user": 22, "avatar": "avatar/12.jpg"}}, {"model": "comment.mycomment", "pk": 1, "fields": {"content_type": 9, "object_id": 8, "text": "<p>5464</p>", "comment_time": "2022-04-22T14:42:21.441Z", "user": 3, "root": null, "parent": null, "reply_to": null}}, {"model": "comment.mycomment", "pk": 2, "fields": {"content_type": 9, "object_id": 8, "text": "<p>5464</p>", "comment_time": "2022-04-22T14:43:09.527Z", "user": 3, "root": null, "parent": null, "reply_to": null}}, {"model": "comment.mycomment", "pk": 3, "fields": {"content_type": 9, "object_id": 8, "text": "<p>5464</p>", "comment_time": "2022-04-22T14:43:39.162Z", "user": 3, "root": null, "parent": null, "reply_to": null}}, {"model": "comment.mycomment", "pk": 4, "fields": {"content_type": 9, "object_id": 8, "text": "<p>5464</p>", "comment_time": "2022-04-22T14:54:25.658Z", "user": 3, "root": null, "parent": null, "reply_to": null}}, {"model": "comment.mycomment", "pk": 5, "fields": {"content_type": 9, "object_id": 8, "text": "<p>dfgg</p>", "comment_time": "2022-04-22T14:59:31.929Z", "user": 3, "root": null, "parent": null, "reply_to": null}}, {"model": "comment.mycomment", "pk": 6, "fields": {"content_type": 9, "object_id": 8, "text": "<p>dfgg</p>", "comment_time": "2022-04-22T15:00:00.511Z", "user": 3, "root": 4, "parent": 4, "reply_to": 3}}, {"model": "comment.mycomment", "pk": 7, "fields": {"content_type": 9, "object_id": 8, "text": "<p>dfdfa</p>", "comment_time": "2022-04-22T15:13:12.414Z", "user": 3, "root": null, "parent": null, "reply_to": null}}, {"model": "comment.mycomment", "pk": 8, "fields": {"content_type": 9, "object_id": 8, "text": "<p>dfdfa</p>", "comment_time": "2022-04-22T15:16:19.352Z", "user": 3, "root": null, "parent": null, "reply_to": null}}, {"model": "comment.mycomment", "pk": 9, "fields": {"content_type": 9, "object_id": 8, "text": "<p>fffff</p>", "comment_time": "2022-04-22T15:16:51.866Z", "user": 3, "root": null, "parent": null, "reply_to": null}}, {"model": "comment.mycomment", "pk": 10, "fields": {"content_type": 9, "object_id": 8, "text": "<p>aaaaa</p>", "comment_time": "2022-04-22T15:17:05.752Z", "user": 3, "root": null, "parent": null, "reply_to": null}}, {"model": "comment.mycomment", "pk": 11, "fields": {"content_type": 9, "object_id": 8, "text": "<p>bbbbbbb</p>", "comment_time": "2022-04-22T15:17:23.886Z", "user": 3, "root": null, "parent": null, "reply_to": null}}, {"model": "comment.mycomment", "pk": 12, "fields": {"content_type": 9, "object_id": 8, "text": "<p>678</p>", "comment_time": "2022-04-22T15:32:03.392Z", "user": 3, "root": null, "parent": null, "reply_to": null}}, {"model": "comment.mycomment", "pk": 13, "fields": {"content_type": 9, "object_id": 7, "text": "<p>fdsf</p>", "comment_time": "2022-04-22T15:33:24.807Z", "user": 3, "root": null, "parent": null, "reply_to": null}}, {"model": "comment.mycomment", "pk": 14, "fields": {"content_type": 9, "object_id": 8, "text": "<p>dfs</p>", "comment_time": "2022-04-22T15:42:08.619Z", "user": 3, "root": null, "parent": null, "reply_to": null}}, {"model": "comment.mycomment", "pk": 15, "fields": {"content_type": 9, "object_id": 9, "text": "<p>vbcbcnbvnvn</p>", "comment_time": "2022-04-22T16:53:56.086Z", "user": 3, "root": null, "parent": null, "reply_to": null}}, {"model": "comment.mycomment", "pk": 16, "fields": {"content_type": 9, "object_id": 9, "text": "<p>sdfdff</p>", "comment_time": "2022-04-22T18:15:46.552Z", "user": 3, "root": null, "parent": null, "reply_to": null}}, {"model": "comment.mycomment", "pk": 17, "fields": {"content_type": 9, "object_id": 9, "text": "<p>adfsg</p>", "comment_time": "2022-04-22T18:38:54.785Z", "user": 3, "root": null, "parent": null, "reply_to": null}}, {"model": "comment.mycomment", "pk": 18, "fields": {"content_type": 9, "object_id": 9, "text": "<p>ssafaf</p>", "comment_time": "2022-04-22T18:41:32.710Z", "user": 3, "root": null, "parent": null, "reply_to": null}}, {"model": "comment.mycomment", "pk": 19, "fields": {"content_type": 9, "object_id": 9, "text": "<p>afsfff</p>", "comment_time": "2022-04-22T18:47:53.378Z", "user": 3, "root": null, "parent": null, "reply_to": null}}, {"model": "comment.mycomment", "pk": 20, "fields": {"content_type": 9, "object_id": 9, "text": "<p>dfs</p>", "comment_time": "2022-04-22T18:57:53.572Z", "user": 3, "root": null, "parent": null, "reply_to": null}}, {"model": "comment.mycomment", "pk": 21, "fields": {"content_type": 9, "object_id": 9, "text": "<p>aaffffff</p>", "comment_time": "2022-04-22T18:58:31.595Z", "user": 3, "root": null, "parent": null, "reply_to": null}}, {"model": "comment.mycomment", "pk": 22, "fields": {"content_type": 9, "object_id": 9, "text": "<p>afafaf</p>", "comment_time": "2022-04-22T19:26:09.554Z", "user": 3, "root": null, "parent": null, "reply_to": null}}, {"model": "comment.mycomment", "pk": 23, "fields": {"content_type": 9, "object_id": 8, "text": "<p>苦</p>", "comment_time": "2022-04-22T21:37:24.931Z", "user": 3, "root": null, "parent": null, "reply_to": null}}, {"model": "comment.mycomment", "pk": 24, "fields": {"content_type": 9, "object_id": 9, "text": "<p>a</p>", "comment_time": "2022-04-22T21:50:24.674Z", "user": 3, "root": null, "parent": null, "reply_to": null}}, {"model": "comment.mycomment", "pk": 25, "fields": {"content_type": 9, "object_id": 9, "text": "<p>a</p>", "comment_time": "2022-04-22T21:50:28.309Z", "user": 3, "root": null, "parent": null, "reply_to": null}}, {"model": "comment.mycomment", "pk": 26, "fields": {"content_type": 9, "object_id": 9, "text": "<p>七天于</p>", "comment_time": "2022-04-23T00:14:40.780Z", "user": 3, "root": null, "parent": null, "reply_to": null}}, {"model": "comment.mycomment", "pk": 27, "fields": {"content_type": 9, "object_id": 9, "text": "<p>权志龙</p>", "comment_time": "2022-04-23T03:21:56.446Z", "user": 3, "root": null, "parent": null, "reply_to": null}}, {"model": "comment.mycomment", "pk": 28, "fields": {"content_type": 9, "object_id": 9, "text": "<p>adfaaf</p>", "comment_time": "2022-04-23T05:12:51.419Z", "user": 3, "root": null, "parent": null, "reply_to": null}}, {"model": "comment.mycomment", "pk": 29, "fields": {"content_type": 9, "object_id": 9, "text": "<p>adfa</p>", "comment_time": "2022-04-23T05:17:54.087Z", "user": 3, "root": null, "parent": null, "reply_to": null}}, {"model": "comment.mycomment", "pk": 30, "fields": {"content_type": 9, "object_id": 9, "text": "<p>sfddfssf</p>", "comment_time": "2022-04-23T07:48:48.050Z", "user": 3, "root": null, "parent": null, "reply_to": null}}, {"model": "comment.mycomment", "pk": 31, "fields": {"content_type": 9, "object_id": 9, "text": "<p>sfddfssf</p>", "comment_time": "2022-04-23T07:49:21.501Z", "user": 3, "root": null, "parent": null, "reply_to": null}}, {"model": "comment.mycomment", "pk": 32, "fields": {"content_type": 9, "object_id": 9, "text": "<p>gafdsgdgfdfg</p>", "comment_time": "2022-04-23T07:55:48.903Z", "user": 3, "root": null, "parent": null, "reply_to": null}}, {"model": "comment.mycomment", "pk": 33, "fields": {"content_type": 9, "object_id": 9, "text": "<p>afdsfsdfsf</p>", "comment_time": "2022-04-23T07:56:02.414Z", "user": 3, "root": null, "parent": null, "reply_to": null}}, {"model": "comment.mycomment", "pk": 34, "fields": {"content_type": 9, "object_id": 9, "text": "<p>这是一个恋爱的季节，空气里充满着情侣的味道，孤独的人， 是可耻的。</p>", "comment_time": "2022-04-23T08:20:40.562Z", "user": 3, "root": null, "parent": null, "reply_to": null}}, {"model": "comment.mycomment", "pk": 35, "fields": {"content_type": 9, "object_id": 9, "text": "sfsdfsdfgsdgsf", "comment_time": "2022-04-23T09:15:12.794Z", "user": 3, "root": null, "parent": null, "reply_to": null}}, {"model": "comment.mycomment", "pk": 36, "fields": {"content_type": 9, "object_id": 9, "text": "gsgsdgsgsgsdg", "comment_time": "2022-04-23T09:20:37.437Z", "user": 3, "root": null, "parent": null, "reply_to": null}}, {"model": "comment.mycomment", "pk": 37, "fields": {"content_type": 9, "object_id": 9, "text": "怎么图片没了？", "comment_time": "2022-04-23T11:01:52.546Z", "user": 3, "root": null, "parent": null, "reply_to": null}}, {"model": "comment.mycomment", "pk": 38, "fields": {"content_type": 9, "object_id": 9, "text": "评论", "comment_time": "2022-04-23T20:12:34.227Z", "user": 12, "root": null, "parent": null, "reply_to": null}}, {"model": "comment.mycomment", "pk": 39, "fields": {"content_type": 9, "object_id": 9, "text": "hello", "comment_time": "2022-04-23T20:13:19.417Z", "user": 12, "root": null, "parent": null, "reply_to": null}}, {"model": "comment.mycomment", "pk": 40, "fields": {"content_type": 9, "object_id": 9, "text": "test", "comment_time": "2022-04-23T20:20:32.281Z", "user": 12, "root": null, "parent": null, "reply_to": null}}, {"model": "comment.mycomment", "pk": 41, "fields": {"content_type": 9, "object_id": 9, "text": "test", "comment_time": "2022-04-23T20:22:17.261Z", "user": 3, "root": null, "parent": null, "reply_to": null}}, {"model": "comment.mycomment", "pk": 42, "fields": {"content_type": 9, "object_id": 9, "text": "test", "comment_time": "2022-04-23T20:25:14.690Z", "user": 3, "root": null, "parent": null, "reply_to": null}}, {"model": "comment.mycomment", "pk": 43, "fields": {"content_type": 9, "object_id": 9, "text": "hello from zzr", "comment_time": "2022-04-23T21:04:42.584Z", "user": 12, "root": null, "parent": null, "reply_to": null}}, {"model": "comment.mycomment", "pk": 44, "fields": {"content_type": 9, "object_id": 9, "text": "from zzr again", "comment_time": "2022-04-23T21:11:31.607Z", "user": 12, "root": null, "parent": null, "reply_to": null}}, {"model": "comment.mycomment", "pk": 45, "fields": {"content_type": 9, "object_id": 9, "text": "test comment id", "comment_time": "2022-04-23T21:14:31.017Z", "user": 12, "root": null, "parent": null, "reply_to": null}}, {"model": "comment.mycomment", "pk": 46, "fields": {"content_type": 9, "object_id": 9, "text": "test comment id blog 1", "comment_time": "2022-04-23T21:23:07.964Z", "user": 12, "root": null, "parent": null, "reply_to": null}}, {"model": "comment.mycomment", "pk": 47, "fields": {"content_type": 9, "object_id": 6, "text": "test", "comment_time": "2022-04-23T22:02:38.108Z", "user": 12, "root": null, "parent": null, "reply_to": null}}, {"model": "comment.mycomment", "pk": 48, "fields": {"content_type": 9, "object_id": 6, "text": "test", "comment_time": "2022-04-23T22:02:48.213Z", "user": 12, "root": null, "parent": null, "reply_to": null}}, {"model": "comment.mycomment", "pk": 49, "fields": {"content_type": 9, "object_id": 6, "text": "test", "comment_time": "2022-04-23T22:02:51.421Z", "user": 12, "root": null, "parent": null, "reply_to": null}}, {"model": "comment.mycomment", "pk": 50, "fields": {"content_type": 9, "object_id": 8, "text": "这回对了吧", "comment_time": "2022-04-23T22:09:06.818Z", "user": 12, "root": null, "parent": null, "reply_to": null}}, {"model": "comment.mycomment", "pk": 51, "fields": {"content_type": 9, "object_id": 6, "text": "dfdf", "comment_time": "2022-04-23T23:50:17.128Z", "user": 3, "root": null, "parent": null, "reply_to": null}}, {"model": "comment.mycomment", "pk": 52, "fields": {"content_type": 9, "object_id": 6, "text": "dfsf", "comment_time": "2022-04-23T23:51:26.064Z", "user": 3, "root": null, "parent": null, "reply_to": null}}, {"model": "comment.mycomment", "pk": 53, "fields": {"content_type": 9, "object_id": 6, "text": "大规模", "comment_time": "2022-04-23T23:54:32.561Z", "user": 3, "root": null, "parent": null, "reply_to": null}}, {"model": "comment.mycomment", "pk": 54, "fields": {"content_type": 9, "object_id": 6, "text": "dfdf", "comment_time": "2022-04-23T23:56:03.609Z", "user": 3, "root": 47, "parent": 47, "reply_to": 12}}, {"model": "comment.mycomment", "pk": 55, "fields": {"content_type": 9, "object_id": 6, "text": "sslfs", "comment_time": "2022-04-24T00:47:16.514Z", "user": 3, "root": 47, "parent": 54, "reply_to": 3}}, {"model": "comment.mycomment", "pk": 56, "fields": {"content_type": 9, "object_id": 6, "text": "fgdg", "comment_time": "2022-04-24T00:50:00.072Z", "user": 3, "root": null, "parent": null, "reply_to": null}}, {"model": "comment.mycomment", "pk": 57, "fields": {"content_type": 9, "object_id": 6, "text": "fgdg", "comment_time": "2022-04-24T00:51:58.867Z", "user": 3, "root": 47, "parent": 55, "reply_to": 3}}, {"model": "comment.mycomment", "pk": 58, "fields": {"content_type": 9, "object_id": 6, "text": "test showing order", "comment_time": "2022-04-24T02:11:41.660Z", "user": 3, "root": 47, "parent": 54, "reply_to": 3}}, {"model": "comment.mycomment", "pk": 59, "fields": {"content_type": 9, "object_id": 6, "text": "fsfdfssfs", "comment_time": "2022-04-24T03:19:59.075Z", "user": 3, "root": 47, "parent": 57, "reply_to": 3}}, {"model": "comment.mycomment", "pk": 60, "fields": {"content_type": 9, "object_id": 6, "text": "adfsfsf", "comment_time": "2022-04-24T03:27:52.583Z", "user": 3, "root": 48, "parent": 48, "reply_to": 12}}, {"model": "comment.mycomment", "pk": 61, "fields": {"content_type": 9, "object_id": 9, "text": "你这个妖女！", "comment_time": "2022-04-24T04:25:44.503Z", "user": 13, "root": 46, "parent": 46, "reply_to": 12}}, {"model": "comment.mycomment", "pk": 62, "fields": {"content_type": 9, "object_id": 9, "text": "休得祸害我子！", "comment_time": "2022-04-24T04:33:03.866Z", "user": 13, "root": 46, "parent": 61, "reply_to": 13}}, {"model": "comment.mycomment", "pk": 63, "fields": {"content_type": 9, "object_id": 9, "text": "说得对", "comment_time": "2022-04-24T04:46:14.456Z", "user": 16, "root": 46, "parent": 61, "reply_to": 13}}, {"model": "comment.mycomment", "pk": 64, "fields": {"content_type": 9, "object_id": 6, "text": "difdiosfsof", "comment_time": "2022-04-24T11:06:28.821Z", "user": 3, "root": 52, "parent": 52, "reply_to": 3}}, {"model": "comment.mycomment", "pk": 65, "fields": {"content_type": 9, "object_id": 6, "text": "sdfsfsfsfsf", "comment_time": "2022-04-24T11:07:57.456Z", "user": 3, "root": 49, "parent": 49, "reply_to": 12}}, {"model": "comment.mycomment", "pk": 66, "fields": {"content_type": 9, "object_id": 9, "text": "快收了她！", "comment_time": "2022-04-24T12:20:25.984Z", "user": 15, "root": 46, "parent": 61, "reply_to": 13}}, {"model": "comment.mycomment", "pk": 67, "fields": {"content_type": 9, "object_id": 9, "text": "休想", "comment_time": "2022-04-24T12:22:00.181Z", "user": 15, "root": 46, "parent": 62, "reply_to": 13}}, {"model": "comment.mycomment", "pk": 68, "fields": {"content_type": 9, "object_id": 9, "text": "为什么js不工作", "comment_time": "2022-04-24T21:25:55.906Z", "user": 3, "root": 46, "parent": 61, "reply_to": 13}}, {"model": "comment.mycomment", "pk": 69, "fields": {"content_type": 9, "object_id": 9, "text": "sfsdf", "comment_time": "2022-04-24T21:26:06.089Z", "user": 3, "root": null, "parent": null, "reply_to": null}}, {"model": "comment.mycomment", "pk": 70, "fields": {"content_type": 9, "object_id": 9, "text": "sfdgg", "comment_time": "2022-04-24T21:27:28.684Z", "user": 3, "root": null, "parent": null, "reply_to": null}}, {"model": "comment.mycomment", "pk": 71, "fields": {"content_type": 9, "object_id": 9, "text": "sggg", "comment_time": "2022-04-24T21:31:04.308Z", "user": 3, "root": null, "parent": null, "reply_to": null}}, {"model": "comment.mycomment", "pk": 72, "fields": {"content_type": 9, "object_id": 9, "text": "sggg", "comment_time": "2022-04-24T21:37:22.034Z", "user": 3, "root": null, "parent": null, "reply_to": null}}, {"model": "comment.mycomment", "pk": 73, "fields": {"content_type": 9, "object_id": 9, "text": "adfsfs", "comment_time": "2022-04-24T22:17:03.036Z", "user": 3, "root": null, "parent": null, "reply_to": null}}, {"model": "comment.mycomment", "pk": 74, "fields": {"content_type": 9, "object_id": 9, "text": "adfsfs", "comment_time": "2022-04-24T22:17:14.556Z", "user": 3, "root": null, "parent": null, "reply_to": null}}, {"model": "comment.mycomment", "pk": 75, "fields": {"content_type": 9, "object_id": 9, "text": "adfsfs", "comment_time": "2022-04-24T22:17:21.334Z", "user": 3, "root": null, "parent": null, "reply_to": null}}, {"model": "comment.mycomment", "pk": 76, "fields": {"content_type": 9, "object_id": 9, "text": "asgggg", "comment_time": "2022-04-24T22:21:18.320Z", "user": 3, "root": null, "parent": null, "reply_to": null}}, {"model": "comment.mycomment", "pk": 77, "fields": {"content_type": 9, "object_id": 9, "text": "ass", "comment_time": "2022-04-24T22:22:29.340Z", "user": 3, "root": null, "parent": null, "reply_to": null}}, {"model": "comment.mycomment", "pk": 78, "fields": {"content_type": 9, "object_id": 9, "text": "asddd", "comment_time": "2022-04-24T22:23:02.923Z", "user": 3, "root": null, "parent": null, "reply_to": null}}, {"model": "comment.mycomment", "pk": 79, "fields": {"content_type": 9, "object_id": 9, "text": "xvxv", "comment_time": "2022-04-24T22:29:22.678Z", "user": 3, "root": 78, "parent": 78, "reply_to": 3}}, {"model": "comment.mycomment", "pk": 80, "fields": {"content_type": 9, "object_id": 9, "text": "sdfs", "comment_time": "2022-04-24T22:44:35.850Z", "user": 3, "root": null, "parent": null, "reply_to": null}}, {"model": "comment.mycomment", "pk": 81, "fields": {"content_type": 9, "object_id": 9, "text": "dsf", "comment_time": "2022-04-24T22:46:56.593Z", "user": 3, "root": null, "parent": null, "reply_to": null}}, {"model": "comment.mycomment", "pk": 82, "fields": {"content_type": 9, "object_id": 9, "text": "ssss", "comment_time": "2022-04-24T23:53:34.631Z", "user": 3, "root": 81, "parent": 81, "reply_to": 3}}, {"model": "comment.mycomment", "pk": 83, "fields": {"content_type": 9, "object_id": 9, "text": "sfsfs", "comment_time": "2022-04-24T23:54:12.316Z", "user": 3, "root": null, "parent": null, "reply_to": null}}, {"model": "comment.mycomment", "pk": 84, "fields": {"content_type": 9, "object_id": 9, "text": "sfsfs", "comment_time": "2022-04-24T23:54:16.439Z", "user": 3, "root": null, "parent": null, "reply_to": null}}, {"model": "comment.mycomment", "pk": 85, "fields": {"content_type": 9, "object_id": 9, "text": "shhss", "comment_time": "2022-04-25T01:44:31.049Z", "user": 3, "root": 81, "parent": 82, "reply_to": 3}}, {"model": "comment.mycomment", "pk": 86, "fields": {"content_type": 9, "object_id": 9, "text": "sgsgsgsgsgs", "comment_time": "2022-04-25T01:46:54.410Z", "user": 3, "root": null, "parent": null, "reply_to": null}}, {"model": "comment.mycomment", "pk": 87, "fields": {"content_type": 9, "object_id": 9, "text": "fsgsg", "comment_time": "2022-04-25T02:31:24.646Z", "user": 3, "root": null, "parent": null, "reply_to": null}}, {"model": "comment.mycomment", "pk": 88, "fields": {"content_type": 9, "object_id": 9, "text": "sahhh", "comment_time": "2022-04-25T02:33:41.992Z", "user": 3, "root": null, "parent": null, "reply_to": null}}, {"model": "comment.mycomment", "pk": 89, "fields": {"content_type": 9, "object_id": 9, "text": "aaggghhh", "comment_time": "2022-04-25T02:49:41.382Z", "user": 3, "root": 87, "parent": 87, "reply_to": 3}}, {"model": "comment.mycomment", "pk": 90, "fields": {"content_type": 9, "object_id": 8, "text": "test ajax", "comment_time": "2022-04-26T00:07:51.120Z", "user": 3, "root": null, "parent": null, "reply_to": null}}, {"model": "comment.mycomment", "pk": 91, "fields": {"content_type": 9, "object_id": 8, "text": "test ajax", "comment_time": "2022-04-26T00:09:29.586Z", "user": 3, "root": 90, "parent": 90, "reply_to": 3}}, {"model": "comment.mycomment", "pk": 92, "fields": {"content_type": 9, "object_id": 8, "text": "<p>fsfdfsfsdfsfsdfsdf</p>", "comment_time": "2022-04-26T01:29:36.553Z", "user": 3, "root": null, "parent": null, "reply_to": null}}, {"model": "comment.mycomment", "pk": 93, "fields": {"content_type": 9, "object_id": 8, "text": "<p>sdfsfsdfsf</p>", "comment_time": "2022-04-26T01:36:49.060Z", "user": 3, "root": null, "parent": null, "reply_to": null}}, {"model": "comment.mycomment", "pk": 94, "fields": {"content_type": 9, "object_id": 8, "text": "<p>sdfsfsdfsf</p>", "comment_time": "2022-04-26T01:37:08.929Z", "user": 3, "root": null, "parent": null, "reply_to": null}}, {"model": "comment.mycomment", "pk": 95, "fields": {"content_type": 9, "object_id": 10, "text": "<p>sfsf</p>", "comment_time": "2022-04-26T01:52:22.560Z", "user": 3, "root": null, "parent": null, "reply_to": null}}, {"model": "comment.mycomment", "pk": 96, "fields": {"content_type": 9, "object_id": 10, "text": "<p>sfsf</p>", "comment_time": "2022-04-26T01:52:49.910Z", "user": 3, "root": null, "parent": null, "reply_to": null}}, {"model": "comment.mycomment", "pk": 97, "fields": {"content_type": 9, "object_id": 10, "text": "<p>sgdfgdg</p>", "comment_time": "2022-04-26T02:00:11.543Z", "user": 3, "root": null, "parent": null, "reply_to": null}}, {"model": "comment.mycomment", "pk": 98, "fields": {"content_type": 9, "object_id": 10, "text": "<p>test 1</p>", "comment_time": "2022-04-26T02:02:13.521Z", "user": 3, "root": null, "parent": null, "reply_to": null}}, {"model": "comment.mycomment", "pk": 99, "fields": {"content_type": 9, "object_id": 10, "text": "<p>test 2</p>", "comment_time": "2022-04-26T02:19:47.645Z", "user": 3, "root": null, "parent": null, "reply_to": null}}, {"model": "comment.mycomment", "pk": 100, "fields": {"content_type": 9, "object_id": 10, "text": "<p>test 3</p>", "comment_time": "2022-04-26T02:22:32.478Z", "user": 3, "root": null, "parent": null, "reply_to": null}}, {"model": "comment.mycomment", "pk": 101, "fields": {"content_type": 9, "object_id": 10, "text": "<p>test 4</p>", "comment_time": "2022-04-26T02:30:22.903Z", "user": 3, "root": null, "parent": null, "reply_to": null}}, {"model": "comment.mycomment", "pk": 102, "fields": {"content_type": 9, "object_id": 10, "text": "<p>test 5</p>", "comment_time": "2022-04-26T02:32:33.929Z", "user": 3, "root": null, "parent": null, "reply_to": null}}, {"model": "comment.mycomment", "pk": 103, "fields": {"content_type": 9, "object_id": 10, "text": "<p>test 6</p>", "comment_time": "2022-04-26T02:52:13.552Z", "user": 3, "root": null, "parent": null, "reply_to": null}}, {"model": "comment.mycomment", "pk": 104, "fields": {"content_type": 9, "object_id": 10, "text": "<p>test 7</p>", "comment_time": "2022-04-26T03:18:37.044Z", "user": 3, "root": null, "parent": null, "reply_to": null}}, {"model": "comment.mycomment", "pk": 105, "fields": {"content_type": 9, "object_id": 10, "text": "<p>test 8</p>", "comment_time": "2022-04-26T04:53:11.142Z", "user": 3, "root": null, "parent": null, "reply_to": null}}, {"model": "comment.mycomment", "pk": 106, "fields": {"content_type": 9, "object_id": 10, "text": "<p>test 9</p>", "comment_time": "2022-04-26T04:58:19.079Z", "user": 3, "root": null, "parent": null, "reply_to": null}}, {"model": "comment.mycomment", "pk": 107, "fields": {"content_type": 9, "object_id": 10, "text": "<p>test 10</p>", "comment_time": "2022-04-26T05:02:36.094Z", "user": 3, "root": null, "parent": null, "reply_to": null}}, {"model": "comment.mycomment", "pk": 108, "fields": {"content_type": 9, "object_id": 10, "text": "<p>dsg</p>", "comment_time": "2022-04-26T05:07:43.080Z", "user": 3, "root": null, "parent": null, "reply_to": null}}, {"model": "comment.mycomment", "pk": 109, "fields": {"content_type": 9, "object_id": 10, "text": "<p>test 11</p>", "comment_time": "2022-04-26T05:26:18.916Z", "user": 3, "root": null, "parent": null, "reply_to": null}}, {"model": "comment.mycomment", "pk": 110, "fields": {"content_type": 9, "object_id": 10, "text": "test 12", "comment_time": "2022-04-26T05:31:42.294Z", "user": 3, "root": null, "parent": null, "reply_to": null}}, {"model": "comment.mycomment", "pk": 111, "fields": {"content_type": 9, "object_id": 10, "text": "fdgg", "comment_time": "2022-04-26T05:34:24.891Z", "user": 3, "root": null, "parent": null, "reply_to": null}}, {"model": "comment.mycomment", "pk": 112, "fields": {"content_type": 9, "object_id": 10, "text": "test 13", "comment_time": "2022-04-26T05:43:02.943Z", "user": 3, "root": null, "parent": null, "reply_to": null}}, {"model": "comment.mycomment", "pk": 113, "fields": {"content_type": 9, "object_id": 10, "text": "test 14", "comment_time": "2022-04-26T05:44:53.893Z", "user": 3, "root": null, "parent": null, "reply_to": null}}, {"model": "comment.mycomment", "pk": 114, "fields": {"content_type": 9, "object_id": 10, "text": "test 15", "comment_time": "2022-04-26T05:46:58.976Z", "user": 3, "root": null, "parent": null, "reply_to": null}}, {"model": "comment.mycomment", "pk": 115, "fields": {"content_type": 9, "object_id": 10, "text": "test 16", "comment_time": "2022-04-26T05:48:30.602Z", "user": 3, "root": null, "parent": null, "reply_to": null}}, {"model": "comment.mycomment", "pk": 116, "fields": {"content_type": 9, "object_id": 10, "text": "test 17", "comment_time": "2022-04-26T05:48:44.713Z", "user": 3, "root": null, "parent": null, "reply_to": null}}, {"model": "comment.mycomment", "pk": 117, "fields": {"content_type": 9, "object_id": 10, "text": "test 18", "comment_time": "2022-04-26T06:07:11.724Z", "user": 3, "root": 116, "parent": 116, "reply_to": 3}}, {"model": "comment.mycomment", "pk": 118, "fields": {"content_type": 9, "object_id": 10, "text": "test 19", "comment_time": "2022-04-26T06:08:31.975Z", "user": 3, "root": 116, "parent": 117, "reply_to": 3}}, {"model": "comment.mycomment", "pk": 119, "fields": {"content_type": 9, "object_id": 10, "text": "test 20", "comment_time": "2022-04-26T06:14:08.476Z", "user": 3, "root": 116, "parent": 116, "reply_to": 3}}, {"model": "comment.mycomment", "pk": 120, "fields": {"content_type": 9, "object_id": 10, "text": "test 20", "comment_time": "2022-04-26T06:14:41.055Z", "user": 3, "root": null, "parent": null, "reply_to": null}}, {"model": "comment.mycomment", "pk": 121, "fields": {"content_type": 9, "object_id": 10, "text": "test 21", "comment_time": "2022-04-26T06:16:30.288Z", "user": 3, "root": null, "parent": null, "reply_to": null}}, {"model": "comment.mycomment", "pk": 122, "fields": {"content_type": 9, "object_id": 10, "text": "test 22", "comment_time": "2022-04-26T07:05:23.525Z", "user": 3, "root": 120, "parent": 120, "reply_to": 3}}, {"model": "comment.mycomment", "pk": 123, "fields": {"content_type": 9, "object_id": 10, "text": "test 22", "comment_time": "2022-04-26T07:06:41.839Z", "user": 3, "root": 121, "parent": 121, "reply_to": 3}}, {"model": "comment.mycomment", "pk": 124, "fields": {"content_type": 9, "object_id": 10, "text": "test 22", "comment_time": "2022-04-26T07:09:48.388Z", "user": 3, "root": 121, "parent": 121, "reply_to": 3}}, {"model": "comment.mycomment", "pk": 125, "fields": {"content_type": 9, "object_id": 10, "text": "test 22", "comment_time": "2022-04-26T07:10:26.211Z", "user": 3, "root": 121, "parent": 121, "reply_to": 3}}, {"model": "comment.mycomment", "pk": 126, "fields": {"content_type": 9, "object_id": 10, "text": "test 22", "comment_time": "2022-04-26T07:13:02.509Z", "user": 3, "root": null, "parent": null, "reply_to": null}}, {"model": "comment.mycomment", "pk": 127, "fields": {"content_type": 9, "object_id": 10, "text": "test 23", "comment_time": "2022-04-26T07:24:22.663Z", "user": 3, "root": 126, "parent": 126, "reply_to": 3}}, {"model": "comment.mycomment", "pk": 128, "fields": {"content_type": 9, "object_id": 9, "text": "test 23", "comment_time": "2022-04-26T07:25:01.123Z", "user": 3, "root": 88, "parent": 88, "reply_to": 3}}, {"model": "comment.mycomment", "pk": 129, "fields": {"content_type": 9, "object_id": 9, "text": "test 24", "comment_time": "2022-04-26T07:25:28.923Z", "user": 3, "root": null, "parent": null, "reply_to": null}}, {"model": "comment.mycomment", "pk": 130, "fields": {"content_type": 9, "object_id": 9, "text": "test 26", "comment_time": "2022-04-26T07:25:55.271Z", "user": 3, "root": 88, "parent": 128, "reply_to": 3}}, {"model": "comment.mycomment", "pk": 131, "fields": {"content_type": 9, "object_id": 9, "text": "test 27", "comment_time": "2022-04-26T07:31:52.405Z", "user": 3, "root": 129, "parent": 129, "reply_to": 3}}, {"model": "comment.mycomment", "pk": 132, "fields": {"content_type": 9, "object_id": 9, "text": "test 28", "comment_time": "2022-04-26T07:32:29.902Z", "user": 3, "root": null, "parent": null, "reply_to": null}}, {"model": "comment.mycomment", "pk": 133, "fields": {"content_type": 9, "object_id": 9, "text": "test 29", "comment_time": "2022-04-26T07:33:10.512Z", "user": 3, "root": null, "parent": null, "reply_to": null}}, {"model": "comment.mycomment", "pk": 134, "fields": {"content_type": 9, "object_id": 9, "text": "test 30", "comment_time": "2022-04-26T07:36:47.773Z", "user": 3, "root": 132, "parent": 132, "reply_to": 3}}, {"model": "comment.mycomment", "pk": 135, "fields": {"content_type": 9, "object_id": 9, "text": "test 31", "comment_time": "2022-04-26T07:37:13.666Z", "user": 3, "root": 132, "parent": 132, "reply_to": 3}}, {"model": "comment.mycomment", "pk": 136, "fields": {"content_type": 9, "object_id": 9, "text": "test 32", "comment_time": "2022-04-26T07:37:31.392Z", "user": 3, "root": null, "parent": null, "reply_to": null}}, {"model": "comment.mycomment", "pk": 137, "fields": {"content_type": 9, "object_id": 9, "text": "test 33", "comment_time": "2022-04-26T07:38:45.458Z", "user": 3, "root": 136, "parent": 136, "reply_to": 3}}, {"model": "comment.mycomment", "pk": 138, "fields": {"content_type": 9, "object_id": 9, "text": "test 34", "comment_time": "2022-04-26T07:39:19.057Z", "user": 3, "root": 136, "parent": 136, "reply_to": 3}}, {"model": "comment.mycomment", "pk": 139, "fields": {"content_type": 9, "object_id": 9, "text": "test 35", "comment_time": "2022-04-26T07:39:31.924Z", "user": 3, "root": 35, "parent": 35, "reply_to": 3}}, {"model": "comment.mycomment", "pk": 140, "fields": {"content_type": 9, "object_id": 9, "text": "test 35", "comment_time": "2022-04-26T08:20:20.182Z", "user": 3, "root": 136, "parent": 136, "reply_to": 3}}, {"model": "comment.mycomment", "pk": 141, "fields": {"content_type": 9, "object_id": 9, "text": "test 36", "comment_time": "2022-04-26T08:20:47.299Z", "user": 3, "root": 136, "parent": 136, "reply_to": 3}}, {"model": "comment.mycomment", "pk": 142, "fields": {"content_type": 9, "object_id": 9, "text": "test again", "comment_time": "2022-04-26T09:47:11.176Z", "user": 3, "root": 136, "parent": 138, "reply_to": 3}}, {"model": "comment.mycomment", "pk": 143, "fields": {"content_type": 9, "object_id": 9, "text": "test without refresh", "comment_time": "2022-04-26T09:48:44.527Z", "user": 3, "root": 136, "parent": 136, "reply_to": 3}}, {"model": "comment.mycomment", "pk": 144, "fields": {"content_type": 9, "object_id": 9, "text": "dfafgggsfsf", "comment_time": "2022-05-01T03:37:55.651Z", "user": 9, "root": null, "parent": null, "reply_to": null}}, {"model": "comment.mycomment", "pk": 145, "fields": {"content_type": 9, "object_id": 10, "text": "test notification", "comment_time": "2022-05-02T03:49:13.131Z", "user": 9, "root": 126, "parent": 126, "reply_to": 3}}, {"model": "comment.mycomment", "pk": 146, "fields": {"content_type": 9, "object_id": 10, "text": "test notifications", "comment_time": "2022-05-02T03:50:20.795Z", "user": 3, "root": null, "parent": null, "reply_to": null}}, {"model": "comment.mycomment", "pk": 147, "fields": {"content_type": 9, "object_id": 10, "text": "test", "comment_time": "2022-05-02T03:56:07.338Z", "user": 3, "root": null, "parent": null, "reply_to": null}}, {"model": "comment.mycomment", "pk": 148, "fields": {"content_type": 9, "object_id": 10, "text": "test", "comment_time": "2022-05-02T03:57:28.758Z", "user": 3, "root": null, "parent": null, "reply_to": null}}, {"model": "comment.mycomment", "pk": 149, "fields": {"content_type": 9, "object_id": 10, "text": "测试一下显示", "comment_time": "2022-05-02T04:28:12.999Z", "user": 3, "root": 148, "parent": 148, "reply_to": 3}}, {"model": "comment.mycomment", "pk": 150, "fields": {"content_type": 9, "object_id": 10, "text": "test notification", "comment_time": "2022-05-02T04:51:32.045Z", "user": 3, "root": 148, "parent": 149, "reply_to": 3}}, {"model": "comment.mycomment", "pk": 151, "fields": {"content_type": 9, "object_id": 10, "text": "test", "comment_time": "2022-05-02T04:53:22.208Z", "user": 9, "root": 148, "parent": 148, "reply_to": 3}}, {"model": "comment.mycomment", "pk": 152, "fields": {"content_type": 9, "object_id": 10, "text": "测试", "comment_time": "2022-05-02T04:54:17.688Z", "user": 9, "root": 147, "parent": 147, "reply_to": 3}}, {"model": "comment.mycomment", "pk": 153, "fields": {"content_type": 9, "object_id": 10, "text": "测试", "comment_time": "2022-05-02T04:55:05.480Z", "user": 9, "root": 148, "parent": 148, "reply_to": 3}}, {"model": "comment.mycomment", "pk": 154, "fields": {"content_type": 9, "object_id": 10, "text": "测试", "comment_time": "2022-05-02T04:55:55.798Z", "user": 9, "root": null, "parent": null, "reply_to": null}}, {"model": "comment.mycomment", "pk": 155, "fields": {"content_type": 9, "object_id": 10, "text": "测试", "comment_time": "2022-05-02T04:56:44.973Z", "user": 9, "root": null, "parent": null, "reply_to": null}}, {"model": "comment.mycomment", "pk": 156, "fields": {"content_type": 9, "object_id": 10, "text": "test", "comment_time": "2022-05-02T04:56:57.379Z", "user": 9, "root": 154, "parent": 154, "reply_to": 9}}, {"model": "comment.mycomment", "pk": 157, "fields": {"content_type": 9, "object_id": 10, "text": "测试", "comment_time": "2022-05-02T04:57:21.771Z", "user": 9, "root": null, "parent": null, "reply_to": null}}, {"model": "comment.mycomment", "pk": 158, "fields": {"content_type": 9, "object_id": 10, "text": "测试", "comment_time": "2022-05-02T04:57:44.174Z", "user": 9, "root": 157, "parent": 157, "reply_to": 9}}, {"model": "comment.mycomment", "pk": 159, "fields": {"content_type": 9, "object_id": 10, "text": "test", "comment_time": "2022-05-02T05:12:28.882Z", "user": 9, "root": 157, "parent": 157, "reply_to": 9}}, {"model": "comment.mycomment", "pk": 160, "fields": {"content_type": 9, "object_id": 11, "text": "test notification", "comment_time": "2022-05-02T05:20:33.803Z", "user": 9, "root": null, "parent": null, "reply_to": null}}, {"model": "comment.mycomment", "pk": 161, "fields": {"content_type": 9, "object_id": 11, "text": "comment notification", "comment_time": "2022-05-02T05:39:08.995Z", "user": 9, "root": null, "parent": null, "reply_to": null}}, {"model": "comment.mycomment", "pk": 162, "fields": {"content_type": 9, "object_id": 11, "text": "reply notification", "comment_time": "2022-05-02T05:46:10.610Z", "user": 9, "root": 161, "parent": 161, "reply_to": 9}}, {"model": "comment.mycomment", "pk": 163, "fields": {"content_type": 9, "object_id": 11, "text": "comment notification2", "comment_time": "2022-05-02T05:55:48.192Z", "user": 9, "root": null, "parent": null, "reply_to": null}}, {"model": "comment.mycomment", "pk": 164, "fields": {"content_type": 9, "object_id": 11, "text": "reply notification 2", "comment_time": "2022-05-02T05:58:32.434Z", "user": 9, "root": 161, "parent": 162, "reply_to": 9}}, {"model": "comment.mycomment", "pk": 165, "fields": {"content_type": 9, "object_id": 11, "text": "test", "comment_time": "2022-05-02T06:04:25.652Z", "user": 9, "root": null, "parent": null, "reply_to": null}}, {"model": "comment.mycomment", "pk": 166, "fields": {"content_type": 9, "object_id": 11, "text": "test notification", "comment_time": "2022-05-02T06:15:47.291Z", "user": 9, "root": 165, "parent": 165, "reply_to": 9}}, {"model": "comment.mycomment", "pk": 167, "fields": {"content_type": 9, "object_id": 11, "text": "new test", "comment_time": "2022-05-02T08:16:06.367Z", "user": 9, "root": 165, "parent": 165, "reply_to": 9}}, {"model": "comment.mycomment", "pk": 168, "fields": {"content_type": 9, "object_id": 11, "text": "test", "comment_time": "2022-05-02T08:30:51.160Z", "user": 9, "root": 165, "parent": 165, "reply_to": 9}}, {"model": "comment.mycomment", "pk": 169, "fields": {"content_type": 9, "object_id": 11, "text": "test", "comment_time": "2022-05-02T09:03:26.817Z", "user": 9, "root": 165, "parent": 166, "reply_to": 9}}, {"model": "comment.mycomment", "pk": 170, "fields": {"content_type": 9, "object_id": 11, "text": "test", "comment_time": "2022-05-02T19:03:35.715Z", "user": 9, "root": null, "parent": null, "reply_to": null}}, {"model": "comment.mycomment", "pk": 171, "fields": {"content_type": 9, "object_id": 11, "text": "test", "comment_time": "2022-05-02T19:04:09.168Z", "user": 9, "root": 170, "parent": 170, "reply_to": 9}}, {"model": "comment.mycomment", "pk": 172, "fields": {"content_type": 9, "object_id": 11, "text": "test", "comment_time": "2022-05-02T19:04:19.911Z", "user": 9, "root": 170, "parent": 170, "reply_to": 9}}, {"model": "comment.mycomment", "pk": 173, "fields": {"content_type": 9, "object_id": 11, "text": "test", "comment_time": "2022-05-03T01:42:20.006Z", "user": 9, "root": 165, "parent": 165, "reply_to": 9}}, {"model": "comment.mycomment", "pk": 174, "fields": {"content_type": 9, "object_id": 11, "text": "test", "comment_time": "2022-05-03T01:42:31.331Z", "user": 9, "root": 165, "parent": 165, "reply_to": 9}}, {"model": "comment.mycomment", "pk": 175, "fields": {"content_type": 9, "object_id": 11, "text": "test", "comment_time": "2022-05-03T01:42:57.456Z", "user": 9, "root": 165, "parent": 165, "reply_to": 9}}, {"model": "comment.mycomment", "pk": 176, "fields": {"content_type": 9, "object_id": 11, "text": "test", "comment_time": "2022-05-03T01:43:15.406Z", "user": 9, "root": null, "parent": null, "reply_to": null}}, {"model": "comment.mycomment", "pk": 177, "fields": {"content_type": 9, "object_id": 11, "text": "test", "comment_time": "2022-05-03T01:45:35.854Z", "user": 9, "root": 176, "parent": 176, "reply_to": 9}}, {"model": "comment.mycomment", "pk": 178, "fields": {"content_type": 9, "object_id": 11, "text": "test", "comment_time": "2022-05-03T01:45:42.339Z", "user": 9, "root": null, "parent": null, "reply_to": null}}, {"model": "likes.likecount", "pk": 1, "fields": {"content_type": 9, "object_id": 11, "liked_num": 1}}, {"model": "likes.likecount", "pk": 2, "fields": {"content_type": 52, "object_id": 165, "liked_num": 0}}, {"model": "likes.likecount", "pk": 3, "fields": {"content_type": 52, "object_id": 166, "liked_num": 0}}, {"model": "likes.likecount", "pk": 4, "fields": {"content_type": 52, "object_id": 167, "liked_num": 0}}, {"model": "likes.likecount", "pk": 5, "fields": {"content_type": 52, "object_id": 168, "liked_num": 0}}, {"model": "likes.likecount", "pk": 6, "fields": {"content_type": 52, "object_id": 169, "liked_num": 0}}, {"model": "likes.likecount", "pk": 7, "fields": {"content_type": 52, "object_id": 163, "liked_num": 1}}, {"model": "likes.likecount", "pk": 8, "fields": {"content_type": 52, "object_id": 161, "liked_num": 1}}, {"model": "likes.likecount", "pk": 9, "fields": {"content_type": 52, "object_id": 162, "liked_num": 1}}, {"model": "likes.likecount", "pk": 10, "fields": {"content_type": 52, "object_id": 164, "liked_num": 0}}, {"model": "likes.likecount", "pk": 11, "fields": {"content_type": 52, "object_id": 160, "liked_num": 0}}, {"model": "likes.likecount", "pk": 12, "fields": {"content_type": 52, "object_id": 170, "liked_num": 1}}, {"model": "likes.likecount", "pk": 13, "fields": {"content_type": 52, "object_id": 171, "liked_num": 1}}, {"model": "likes.likecount", "pk": 14, "fields": {"content_type": 52, "object_id": 172, "liked_num": 1}}, {"model": "likes.likecount", "pk": 15, "fields": {"content_type": 52, "object_id": 173, "liked_num": 0}}, {"model": "likes.likecount", "pk": 16, "fields": {"content_type": 52, "object_id": 174, "liked_num": 0}}, {"model": "likes.likecount", "pk": 17, "fields": {"content_type": 52, "object_id": 175, "liked_num": 0}}, {"model": "likes.likecount", "pk": 18, "fields": {"content_type": 52, "object_id": 176, "liked_num": 1}}, {"model": "likes.likecount", "pk": 19, "fields": {"content_type": 52, "object_id": 178, "liked_num": 0}}, {"model": "likes.likecount", "pk": 20, "fields": {"content_type": 52, "object_id": 177, "liked_num": 0}}, {"model": "likes.likecount", "pk": 21, "fields": {"content_type": 9, "object_id": 10, "liked_num": 0}}, {"model": "likes.likecount", "pk": 22, "fields": {"content_type": 9, "object_id": 9, "liked_num": 0}}, {"model": "likes.likecount", "pk": 23, "fields": {"content_type": 9, "object_id": 8, "liked_num": 0}}, {"model": "likes.likecount", "pk": 24, "fields": {"content_type": 9, "object_id": 7, "liked_num": 0}}, {"model": "likes.likecount", "pk": 25, "fields": {"content_type": 9, "object_id": 6, "liked_num": 0}}, {"model": "likes.likerecord", "pk": 9, "fields": {"content_type": 9, "object_id": 11, "user": 9, "liked_time": "2022-05-02T19:02:53.584Z"}}, {"model": "likes.likerecord", "pk": 10, "fields": {"content_type": 52, "object_id": 170, "user": 9, "liked_time": "2022-05-02T19:49:14.379Z"}}, {"model": "likes.likerecord", "pk": 11, "fields": {"content_type": 52, "object_id": 171, "user": 9, "liked_time": "2022-05-02T19:49:19.703Z"}}, {"model": "likes.likerecord", "pk": 12, "fields": {"content_type": 52, "object_id": 161, "user": 9, "liked_time": "2022-05-02T20:00:45.794Z"}}, {"model": "likes.likerecord", "pk": 13, "fields": {"content_type": 52, "object_id": 163, "user": 9, "liked_time": "2022-05-02T20:09:25.947Z"}}, {"model": "likes.likerecord", "pk": 14, "fields": {"content_type": 52, "object_id": 162, "user": 9, "liked_time": "2022-05-02T23:11:50.787Z"}}, {"model": "likes.likerecord", "pk": 15, "fields": {"content_type": 52, "object_id": 172, "user": 9, "liked_time": "2022-05-02T23:12:55.719Z"}}, {"model": "likes.likerecord", "pk": 16, "fields": {"content_type": 52, "object_id": 176, "user": 9, "liked_time": "2022-05-03T01:43:18.597Z"}}, {"model": "notifications.notification", "pk": 1, "fields": {"level": "info", "recipient": 3, "unread": true, "actor_content_type": 48, "actor_object_id": "3", "verb": "Elf Zweik 回复了你的评论“测试一下显示”", "description": null, "target_content_type": null, "target_object_id": null, "action_object_content_type": 52, "action_object_object_id": "150", "timestamp": "2022-05-02T04:51:32.049Z", "public": true, "deleted": false, "emailed": false, "data": null}}, {"model": "notifications.notification", "pk": 2, "fields": {"level": "info", "recipient": 3, "unread": true, "actor_content_type": 48, "actor_object_id": "9", "verb": "无忌张 回复了你的评论“test”", "description": null, "target_content_type": null, "target_object_id": null, "action_object_content_type": 52, "action_object_object_id": "151", "timestamp": "2022-05-02T04:53:22.211Z", "public": true, "deleted": false, "emailed": false, "data": null}}, {"model": "notifications.notification", "pk": 3, "fields": {"level": "info", "recipient": 3, "unread": true, "actor_content_type": 48, "actor_object_id": "9", "verb": "无忌张 回复了你的评论“test”", "description": null, "target_content_type": null, "target_object_id": null, "action_object_content_type": 52, "action_object_object_id": "152", "timestamp": "2022-05-02T04:54:17.691Z", "public": true, "deleted": false, "emailed": false, "data": null}}, {"model": "notifications.notification", "pk": 4, "fields": {"level": "info", "recipient": 3, "unread": true, "actor_content_type": 48, "actor_object_id": "9", "verb": "无忌张 回复了你的评论“test”", "description": null, "target_content_type": null, "target_object_id": null, "action_object_content_type": 52, "action_object_object_id": "153", "timestamp": "2022-05-02T04:55:05.492Z", "public": true, "deleted": false, "emailed": false, "data": null}}, {"model": "notifications.notification", "pk": 15, "fields": {"level": "info", "recipient": 9, "unread": false, "actor_content_type": 48, "actor_object_id": "9", "verb": "回复了你的评论“test notification”", "description": null, "target_content_type": null, "target_object_id": null, "action_object_content_type": 52, "action_object_object_id": "169", "timestamp": "2022-05-02T09:03:26.820Z", "public": true, "deleted": false, "emailed": false, "data": "{\"url\": \"/blog-6/#comment_169\"}"}}, {"model": "notifications.notification", "pk": 16, "fields": {"level": "info", "recipient": 9, "unread": true, "actor_content_type": 48, "actor_object_id": "9", "verb": "评论了你的《blog #6》", "description": null, "target_content_type": null, "target_object_id": null, "action_object_content_type": 52, "action_object_object_id": "170", "timestamp": "2022-05-02T19:03:35.728Z", "public": true, "deleted": false, "emailed": false, "data": "{\"url\": \"/blog-6/#comment_170\"}"}}, {"model": "notifications.notification", "pk": 17, "fields": {"level": "info", "recipient": 9, "unread": true, "actor_content_type": 48, "actor_object_id": "9", "verb": "回复了你的评论“test”", "description": null, "target_content_type": null, "target_object_id": null, "action_object_content_type": 52, "action_object_object_id": "171", "timestamp": "2022-05-02T19:04:09.171Z", "public": true, "deleted": false, "emailed": false, "data": "{\"url\": \"/blog-6/#comment_171\"}"}}, {"model": "notifications.notification", "pk": 18, "fields": {"level": "info", "recipient": 9, "unread": true, "actor_content_type": 48, "actor_object_id": "9", "verb": "回复了你的评论“test”", "description": null, "target_content_type": null, "target_object_id": null, "action_object_content_type": 52, "action_object_object_id": "172", "timestamp": "2022-05-02T19:04:19.916Z", "public": true, "deleted": false, "emailed": false, "data": "{\"url\": \"/blog-6/#comment_172\"}"}}, {"model": "notifications.notification", "pk": 19, "fields": {"level": "info", "recipient": 9, "unread": false, "actor_content_type": 48, "actor_object_id": "9", "verb": "点赞了你的评论“无忌张”", "description": null, "target_content_type": null, "target_object_id": null, "action_object_content_type": 54, "action_object_object_id": "14", "timestamp": "2022-05-02T23:11:50.799Z", "public": true, "deleted": false, "emailed": false, "data": "{\"url\": \"/blog-6/\"}"}}, {"model": "notifications.notification", "pk": 20, "fields": {"level": "info", "recipient": 9, "unread": false, "actor_content_type": 48, "actor_object_id": "9", "verb": "点赞了你的评论“test”", "description": null, "target_content_type": null, "target_object_id": null, "action_object_content_type": 54, "action_object_object_id": "15", "timestamp": "2022-05-02T23:12:55.726Z", "public": true, "deleted": false, "emailed": false, "data": "{\"url\": \"/blog-6/\"}"}}, {"model": "notifications.notification", "pk": 21, "fields": {"level": "info", "recipient": 9, "unread": true, "actor_content_type": 48, "actor_object_id": "9", "verb": "回复了你的评论“test”", "description": null, "target_content_type": null, "target_object_id": null, "action_object_content_type": 52, "action_object_object_id": "173", "timestamp": "2022-05-03T01:42:20.010Z", "public": true, "deleted": false, "emailed": false, "data": "{\"url\": \"/blog-6/#comment_173\"}"}}, {"model": "notifications.notification", "pk": 22, "fields": {"level": "info", "recipient": 9, "unread": true, "actor_content_type": 48, "actor_object_id": "9", "verb": "回复了你的评论“test”", "description": null, "target_content_type": null, "target_object_id": null, "action_object_content_type": 52, "action_object_object_id": "174", "timestamp": "2022-05-03T01:42:31.336Z", "public": true, "deleted": false, "emailed": false, "data": "{\"url\": \"/blog-6/#comment_174\"}"}}, {"model": "notifications.notification", "pk": 23, "fields": {"level": "info", "recipient": 9, "unread": true, "actor_content_type": 48, "actor_object_id": "9", "verb": "回复了你的评论“test”", "description": null, "target_content_type": null, "target_object_id": null, "action_object_content_type": 52, "action_object_object_id": "175", "timestamp": "2022-05-03T01:42:57.458Z", "public": true, "deleted": false, "emailed": false, "data": "{\"url\": \"/blog-6/#comment_175\"}"}}, {"model": "notifications.notification", "pk": 24, "fields": {"level": "info", "recipient": 9, "unread": true, "actor_content_type": 48, "actor_object_id": "9", "verb": "评论了你的《blog #6》", "description": null, "target_content_type": null, "target_object_id": null, "action_object_content_type": 52, "action_object_object_id": "176", "timestamp": "2022-05-03T01:43:15.411Z", "public": true, "deleted": false, "emailed": false, "data": "{\"url\": \"/blog-6/#comment_176\"}"}}, {"model": "notifications.notification", "pk": 25, "fields": {"level": "info", "recipient": 9, "unread": true, "actor_content_type": 48, "actor_object_id": "9", "verb": "点赞了你的评论“test”", "description": null, "target_content_type": null, "target_object_id": null, "action_object_content_type": 54, "action_object_object_id": "16", "timestamp": "2022-05-03T01:43:18.602Z", "public": true, "deleted": false, "emailed": false, "data": "{\"url\": \"/blog-6/\"}"}}, {"model": "notifications.notification", "pk": 26, "fields": {"level": "info", "recipient": 9, "unread": true, "actor_content_type": 48, "actor_object_id": "9", "verb": "回复了你的评论“test”", "description": null, "target_content_type": null, "target_object_id": null, "action_object_content_type": 52, "action_object_object_id": "177", "timestamp": "2022-05-03T01:45:35.856Z", "public": true, "deleted": false, "emailed": false, "data": "{\"url\": \"/blog-6/#comment_177\"}"}}, {"model": "notifications.notification", "pk": 27, "fields": {"level": "info", "recipient": 9, "unread": true, "actor_content_type": 48, "actor_object_id": "9", "verb": "评论了你的《blog #6》", "description": null, "target_content_type": null, "target_object_id": null, "action_object_content_type": 52, "action_object_object_id": "178", "timestamp": "2022-05-03T01:45:42.345Z", "public": true, "deleted": false, "emailed": false, "data": "{\"url\": \"/blog-6/#comment_178\"}"}}, {"model": "wagtailredirects.redirect", "pk": 1, "fields": {"old_path": "/home", "site": 2, "is_permanent": true, "redirect_page": 3, "redirect_page_route_path": "", "redirect_link": "", "automatically_created": true, "created_at": "2022-04-20T04:02:16.130Z"}}, {"model": "wagtailusers.userprofile", "pk": 1, "fields": {"user": 3, "submitted_notifications": true, "approved_notifications": true, "rejected_notifications": true, "updated_comments_notifications": true, "preferred_language": "", "current_time_zone": "", "avatar": ""}}, {"model": "wagtailusers.userprofile", "pk": 2, "fields": {"user": 9, "submitted_notifications": true, "approved_notifications": true, "rejected_notifications": true, "updated_comments_notifications": true, "preferred_language": "", "current_time_zone": "", "avatar": ""}}, {"model": "wagtailimages.image", "pk": 1, "fields": {"collection": 1, "title": "IMG_20190801_130911-croped", "file": "original_images/IMG_20190801_130911-croped_HRJq8aR.jpg", "width": 8306, "height": 1852, "created_at": "2022-04-20T04:02:10.722Z", "uploaded_by_user": 3, "focal_point_x": null, "focal_point_y": null, "focal_point_width": null, "focal_point_height": null, "file_size": 1021732, "file_hash": "d53ace9f64502f9bb59e82aaf53b66ad11c0226f"}}, {"model": "wagtailimages.image", "pk": 2, "fields": {"collection": 1, "title": "1_WPzjIgu", "file": "original_images/1_WPzjIgu_PRE6KOC.jpg", "width": 800, "height": 800, "created_at": "2022-04-20T04:02:41.365Z", "uploaded_by_user": 3, "focal_point_x": null, "focal_point_y": null, "focal_point_width": null, "focal_point_height": null, "file_size": 78638, "file_hash": "9e1021a62ad78edf47e27b9eb0aba5dc32adc2c7"}}, {"model": "wagtailimages.image", "pk": 3, "fields": {"collection": 1, "title": "2_NSw2u8w", "file": "original_images/2_NSw2u8w_bwGUez1.jpg", "width": 800, "height": 800, "created_at": "2022-04-20T04:03:38.837Z", "uploaded_by_user": 3, "focal_point_x": null, "focal_point_y": null, "focal_point_width": null, "focal_point_height": null, "file_size": 82138, "file_hash": "27aa109685b60e4649607dc20302a4cb522e76df"}}, {"model": "wagtailimages.image", "pk": 4, "fields": {"collection": 1, "title": "3_1", "file": "original_images/3_1_EXKWeQE.jpg", "width": 1000, "height": 667, "created_at": "2022-04-20T04:04:22.410Z", "uploaded_by_user": 3, "focal_point_x": null, "focal_point_y": null, "focal_point_width": null, "focal_point_height": null, "file_size": 153177, "file_hash": "6302aab078c32716b52d135d6492d7fe32f22586"}}, {"model": "wagtailimages.image", "pk": 14, "fields": {"collection": 1, "title": "User_avatar_1", "file": "original_images/1_rkbYDdZ.png", "width": 128, "height": 128, "created_at": "2022-04-23T10:08:59.327Z", "uploaded_by_user": 3, "focal_point_x": null, "focal_point_y": null, "focal_point_width": null, "focal_point_height": null, "file_size": 33326, "file_hash": "8082da1820234a750ea65f605ce2a0a49591b0d3"}}, {"model": "wagtailimages.image", "pk": 15, "fields": {"collection": 1, "title": "User_avatar_2", "file": "original_images/2_6dTPGqL.png", "width": 128, "height": 128, "created_at": "2022-04-23T10:08:59.417Z", "uploaded_by_user": 3, "focal_point_x": null, "focal_point_y": null, "focal_point_width": null, "focal_point_height": null, "file_size": 36191, "file_hash": "b499681fdcc487dacc1068c8fbdfff5105ce2ac0"}}, {"model": "wagtailimages.image", "pk": 16, "fields": {"collection": 1, "title": "User_avatar_3", "file": "original_images/3_KbZteIj.png", "width": 128, "height": 128, "created_at": "2022-04-23T10:08:59.489Z", "uploaded_by_user": 3, "focal_point_x": null, "focal_point_y": null, "focal_point_width": null, "focal_point_height": null, "file_size": 41001, "file_hash": "c67c6f30438ea32b0e801191dc8ab09ac356bcaf"}}, {"model": "wagtailimages.image", "pk": 17, "fields": {"collection": 1, "title": "User_avatar_4", "file": "original_images/4_55pEFHW.png", "width": 128, "height": 128, "created_at": "2022-04-23T10:08:59.561Z", "uploaded_by_user": 3, "focal_point_x": null, "focal_point_y": null, "focal_point_width": null, "focal_point_height": null, "file_size": 38701, "file_hash": "701b77f3b61d597ea8b9e6644fd472e4589c64ca"}}, {"model": "wagtailimages.image", "pk": 18, "fields": {"collection": 1, "title": "User_avatar_5", "file": "original_images/5.jpg", "width": 640, "height": 426, "created_at": "2022-04-23T10:08:59.680Z", "uploaded_by_user": 3, "focal_point_x": null, "focal_point_y": null, "focal_point_width": null, "focal_point_height": null, "file_size": 44193, "file_hash": "6349ab927decb7b99237bc11ed1a09ce03bce763"}}, {"model": "wagtailimages.image", "pk": 19, "fields": {"collection": 1, "title": "User_avatar_6", "file": "original_images/6.jpg", "width": 640, "height": 959, "created_at": "2022-04-23T10:09:00.228Z", "uploaded_by_user": 3, "focal_point_x": null, "focal_point_y": null, "focal_point_width": null, "focal_point_height": null, "file_size": 70282, "file_hash": "951b1962b8b37340a21c5738bd4ecfbe22e6d0ab"}}, {"model": "wagtailimages.image", "pk": 20, "fields": {"collection": 1, "title": "User_avatar_7", "file": "original_images/7.jpg", "width": 4160, "height": 6240, "created_at": "2022-04-23T10:09:01.649Z", "uploaded_by_user": 3, "focal_point_x": null, "focal_point_y": null, "focal_point_width": null, "focal_point_height": null, "file_size": 4749843, "file_hash": "e705e2e27a2bc9b6ee94a52d8212eb3f34bb2bdf"}}, {"model": "wagtailimages.image", "pk": 21, "fields": {"collection": 1, "title": "User_avatar_8", "file": "original_images/8.jpg", "width": 300, "height": 300, "created_at": "2022-04-23T10:09:01.711Z", "uploaded_by_user": 3, "focal_point_x": null, "focal_point_y": null, "focal_point_width": null, "focal_point_height": null, "file_size": 37521, "file_hash": "d50ee554fafb378cf261516c7b917260b1d426f0"}}, {"model": "wagtailimages.image", "pk": 22, "fields": {"collection": 1, "title": "User_avatar_9", "file": "original_images/9.jpg", "width": 300, "height": 300, "created_at": "2022-04-23T10:09:01.768Z", "uploaded_by_user": 3, "focal_point_x": null, "focal_point_y": null, "focal_point_width": null, "focal_point_height": null, "file_size": 33325, "file_hash": "80e7ef4c0c4bd272a03e1acd4c49c3caa9076886"}}, {"model": "wagtailimages.image", "pk": 23, "fields": {"collection": 1, "title": "User_avatar_10", "file": "original_images/10.jpg", "width": 300, "height": 300, "created_at": "2022-04-23T10:09:01.840Z", "uploaded_by_user": 3, "focal_point_x": null, "focal_point_y": null, "focal_point_width": null, "focal_point_height": null, "file_size": 44212, "file_hash": "bd4bf705a8f82cfa212759b98bb57a80d900422c"}}, {"model": "wagtailimages.image", "pk": 24, "fields": {"collection": 1, "title": "User_avatar_11", "file": "original_images/11.jpg", "width": 300, "height": 300, "created_at": "2022-04-23T10:09:01.928Z", "uploaded_by_user": 3, "focal_point_x": null, "focal_point_y": null, "focal_point_width": null, "focal_point_height": null, "file_size": 21477, "file_hash": "9139f1c40eb9c0de761c9a9c3ea41aa1e4a199e3"}}, {"model": "wagtailimages.image", "pk": 25, "fields": {"collection": 1, "title": "User_avatar_12", "file": "original_images/12.jpg", "width": 300, "height": 300, "created_at": "2022-04-23T10:09:02.001Z", "uploaded_by_user": 3, "focal_point_x": null, "focal_point_y": null, "focal_point_width": null, "focal_point_height": null, "file_size": 45985, "file_hash": "7fd9cdb56b0b92ffb003490420d1305aec7f9036"}}, {"model": "wagtailimages.image", "pk": 26, "fields": {"collection": 1, "title": "4", "file": "original_images/4_2QXqHbf.jpg", "width": 800, "height": 800, "created_at": "2022-05-02T05:19:44.079Z", "uploaded_by_user": 9, "focal_point_x": null, "focal_point_y": null, "focal_point_width": null, "focal_point_height": null, "file_size": 103737, "file_hash": "d0560bf093d39aeb9c47cc92199ef0ff6fbf795d"}}, {"model": "wagtailimages.rendition", "pk": 1, "fields": {"filter_spec": "max-165x165", "file": "images/IMG_20190801_130911-croped_HRJq8aR.max-165x165.jpg", "width": 165, "height": 36, "focal_point_key": "", "image": 1}}, {"model": "wagtailimages.rendition", "pk": 2, "fields": {"filter_spec": "max-165x165", "file": "images/1_WPzjIgu_PRE6KOC.max-165x165.jpg", "width": 165, "height": 165, "focal_point_key": "", "image": 2}}, {"model": "wagtailimages.rendition", "pk": 3, "fields": {"filter_spec": "max-165x165", "file": "images/2_NSw2u8w_bwGUez1.max-165x165.jpg", "width": 165, "height": 165, "focal_point_key": "", "image": 3}}, {"model": "wagtailimages.rendition", "pk": 4, "fields": {"filter_spec": "max-165x165", "file": "images/3_1_EXKWeQE.max-165x165.jpg", "width": 165, "height": 110, "focal_point_key": "", "image": 4}}, {"model": "wagtailimages.rendition", "pk": 5, "fields": {"filter_spec": "original", "file": "images/3_1_EXKWeQE.original.jpg", "width": 1000, "height": 667, "focal_point_key": "", "image": 4}}, {"model": "wagtailimages.rendition", "pk": 6, "fields": {"filter_spec": "width-700", "file": "images/3_1_EXKWeQE.width-700.jpg", "width": 700, "height": 466, "focal_point_key": "", "image": 4}}, {"model": "wagtailimages.rendition", "pk": 7, "fields": {"filter_spec": "width-700", "file": "images/2_NSw2u8w_bwGUez1.width-700.jpg", "width": 700, "height": 700, "focal_point_key": "", "image": 3}}, {"model": "wagtailimages.rendition", "pk": 8, "fields": {"filter_spec": "width-700", "file": "images/1_WPzjIgu_PRE6KOC.width-700.jpg", "width": 700, "height": 700, "focal_point_key": "", "image": 2}}, {"model": "wagtailimages.rendition", "pk": 9, "fields": {"filter_spec": "fill-1600x240", "file": "images/IMG_20190801_130911-croped_HRJq8a.2e16d0ba.fill-1600x240.jpg", "width": 1600, "height": 240, "focal_point_key": "2e16d0ba", "image": 1}}, {"model": "wagtailimages.rendition", "pk": 19, "fields": {"filter_spec": "original", "file": "images/2_NSw2u8w_bwGUez1.original.jpg", "width": 800, "height": 800, "focal_point_key": "", "image": 3}}, {"model": "wagtailimages.rendition", "pk": 39, "fields": {"filter_spec": "original", "file": "images/1_WPzjIgu_PRE6KOC.original.jpg", "width": 800, "height": 800, "focal_point_key": "", "image": 2}}, {"model": "wagtailimages.rendition", "pk": 40, "fields": {"filter_spec": "max-165x165", "file": "images/12.max-165x165.jpg", "width": 165, "height": 165, "focal_point_key": "", "image": 25}}, {"model": "wagtailimages.rendition", "pk": 41, "fields": {"filter_spec": "max-165x165", "file": "images/11.max-165x165.jpg", "width": 165, "height": 165, "focal_point_key": "", "image": 24}}, {"model": "wagtailimages.rendition", "pk": 42, "fields": {"filter_spec": "max-165x165", "file": "images/10.max-165x165.jpg", "width": 165, "height": 165, "focal_point_key": "", "image": 23}}, {"model": "wagtailimages.rendition", "pk": 43, "fields": {"filter_spec": "max-165x165", "file": "images/9.max-165x165.jpg", "width": 165, "height": 165, "focal_point_key": "", "image": 22}}, {"model": "wagtailimages.rendition", "pk": 44, "fields": {"filter_spec": "max-165x165", "file": "images/8.max-165x165.jpg", "width": 165, "height": 165, "focal_point_key": "", "image": 21}}, {"model": "wagtailimages.rendition", "pk": 45, "fields": {"filter_spec": "max-165x165", "file": "images/7.max-165x165.jpg", "width": 110, "height": 165, "focal_point_key": "", "image": 20}}, {"model": "wagtailimages.rendition", "pk": 46, "fields": {"filter_spec": "max-165x165", "file": "images/6.max-165x165.jpg", "width": 110, "height": 165, "focal_point_key": "", "image": 19}}, {"model": "wagtailimages.rendition", "pk": 47, "fields": {"filter_spec": "max-165x165", "file": "images/5.max-165x165.jpg", "width": 165, "height": 109, "focal_point_key": "", "image": 18}}, {"model": "wagtailimages.rendition", "pk": 48, "fields": {"filter_spec": "max-165x165", "file": "images/4_55pEFHW.max-165x165.png", "width": 128, "height": 128, "focal_point_key": "", "image": 17}}, {"model": "wagtailimages.rendition", "pk": 49, "fields": {"filter_spec": "max-165x165", "file": "images/3_KbZteIj.max-165x165.png", "width": 128, "height": 128, "focal_point_key": "", "image": 16}}, {"model": "wagtailimages.rendition", "pk": 50, "fields": {"filter_spec": "max-165x165", "file": "images/2_6dTPGqL.max-165x165.png", "width": 128, "height": 128, "focal_point_key": "", "image": 15}}, {"model": "wagtailimages.rendition", "pk": 51, "fields": {"filter_spec": "max-165x165", "file": "images/1_rkbYDdZ.max-165x165.png", "width": 128, "height": 128, "focal_point_key": "", "image": 14}}, {"model": "wagtailimages.rendition", "pk": 52, "fields": {"filter_spec": "original", "file": "images/12.original.jpg", "width": 300, "height": 300, "focal_point_key": "", "image": 25}}, {"model": "wagtailimages.rendition", "pk": 53, "fields": {"filter_spec": "max-800x600", "file": "images/12.max-800x600.jpg", "width": 300, "height": 300, "focal_point_key": "", "image": 25}}, {"model": "wagtailimages.rendition", "pk": 54, "fields": {"filter_spec": "original", "file": "images/11.original.jpg", "width": 300, "height": 300, "focal_point_key": "", "image": 24}}, {"model": "wagtailimages.rendition", "pk": 55, "fields": {"filter_spec": "max-800x600", "file": "images/11.max-800x600.jpg", "width": 300, "height": 300, "focal_point_key": "", "image": 24}}, {"model": "wagtailimages.rendition", "pk": 56, "fields": {"filter_spec": "original", "file": "images/10.original.jpg", "width": 300, "height": 300, "focal_point_key": "", "image": 23}}, {"model": "wagtailimages.rendition", "pk": 57, "fields": {"filter_spec": "max-800x600", "file": "images/10.max-800x600.jpg", "width": 300, "height": 300, "focal_point_key": "", "image": 23}}, {"model": "wagtailimages.rendition", "pk": 58, "fields": {"filter_spec": "original", "file": "images/9.original.jpg", "width": 300, "height": 300, "focal_point_key": "", "image": 22}}, {"model": "wagtailimages.rendition", "pk": 59, "fields": {"filter_spec": "max-800x600", "file": "images/9.max-800x600.jpg", "width": 300, "height": 300, "focal_point_key": "", "image": 22}}, {"model": "wagtailimages.rendition", "pk": 60, "fields": {"filter_spec": "original", "file": "images/8.original.jpg", "width": 300, "height": 300, "focal_point_key": "", "image": 21}}, {"model": "wagtailimages.rendition", "pk": 61, "fields": {"filter_spec": "max-800x600", "file": "images/8.max-800x600.jpg", "width": 300, "height": 300, "focal_point_key": "", "image": 21}}, {"model": "wagtailimages.rendition", "pk": 62, "fields": {"filter_spec": "original", "file": "images/7.original.jpg", "width": 4160, "height": 6240, "focal_point_key": "", "image": 20}}, {"model": "wagtailimages.rendition", "pk": 63, "fields": {"filter_spec": "max-800x600", "file": "images/7.max-800x600.jpg", "width": 400, "height": 600, "focal_point_key": "", "image": 20}}, {"model": "wagtailimages.rendition", "pk": 64, "fields": {"filter_spec": "original", "file": "images/6.original.jpg", "width": 640, "height": 959, "focal_point_key": "", "image": 19}}, {"model": "wagtailimages.rendition", "pk": 65, "fields": {"filter_spec": "max-800x600", "file": "images/6.max-800x600.jpg", "width": 400, "height": 600, "focal_point_key": "", "image": 19}}, {"model": "wagtailimages.rendition", "pk": 66, "fields": {"filter_spec": "original", "file": "images/5.original.jpg", "width": 640, "height": 426, "focal_point_key": "", "image": 18}}, {"model": "wagtailimages.rendition", "pk": 67, "fields": {"filter_spec": "max-800x600", "file": "images/5.max-800x600.jpg", "width": 640, "height": 426, "focal_point_key": "", "image": 18}}, {"model": "wagtailimages.rendition", "pk": 68, "fields": {"filter_spec": "original", "file": "images/4_55pEFHW.original.png", "width": 128, "height": 128, "focal_point_key": "", "image": 17}}, {"model": "wagtailimages.rendition", "pk": 69, "fields": {"filter_spec": "max-800x600", "file": "images/4_55pEFHW.max-800x600.png", "width": 128, "height": 128, "focal_point_key": "", "image": 17}}, {"model": "wagtailimages.rendition", "pk": 70, "fields": {"filter_spec": "original", "file": "images/3_KbZteIj.original.png", "width": 128, "height": 128, "focal_point_key": "", "image": 16}}, {"model": "wagtailimages.rendition", "pk": 71, "fields": {"filter_spec": "max-800x600", "file": "images/3_KbZteIj.max-800x600.png", "width": 128, "height": 128, "focal_point_key": "", "image": 16}}, {"model": "wagtailimages.rendition", "pk": 72, "fields": {"filter_spec": "original", "file": "images/2_6dTPGqL.original.png", "width": 128, "height": 128, "focal_point_key": "", "image": 15}}, {"model": "wagtailimages.rendition", "pk": 73, "fields": {"filter_spec": "max-800x600", "file": "images/2_6dTPGqL.max-800x600.png", "width": 128, "height": 128, "focal_point_key": "", "image": 15}}, {"model": "wagtailimages.rendition", "pk": 74, "fields": {"filter_spec": "original", "file": "images/1_rkbYDdZ.original.png", "width": 128, "height": 128, "focal_point_key": "", "image": 14}}, {"model": "wagtailimages.rendition", "pk": 75, "fields": {"filter_spec": "max-800x600", "file": "images/1_rkbYDdZ.max-800x600.png", "width": 128, "height": 128, "focal_point_key": "", "image": 14}}, {"model": "wagtailimages.rendition", "pk": 76, "fields": {"filter_spec": "width-700", "file": "images/5.width-700.jpg", "width": 640, "height": 426, "focal_point_key": "", "image": 18}}, {"model": "wagtailimages.rendition", "pk": 77, "fields": {"filter_spec": "max-165x165", "file": "images/4_2QXqHbf.max-165x165.jpg", "width": 165, "height": 165, "focal_point_key": "", "image": 26}}, {"model": "wagtailimages.rendition", "pk": 78, "fields": {"filter_spec": "original", "file": "images/4_2QXqHbf.original.jpg", "width": 800, "height": 800, "focal_point_key": "", "image": 26}}, {"model": "wagtailimages.rendition", "pk": 79, "fields": {"filter_spec": "width-700", "file": "images/4_2QXqHbf.width-700.jpg", "width": 700, "height": 700, "focal_point_key": "", "image": 26}}, {"model": "wagtailsearch.query", "pk": 1, "fields": {"query_string": "test"}}, {"model": "wagtailsearch.query", "pk": 2, "fields": {"query_string": "hello"}}, {"model": "wagtailsearch.query", "pk": 3, "fields": {"query_string": "book"}}, {"model": "wagtailsearch.query", "pk": 4, "fields": {"query_string": "blog"}}, {"model": "wagtailsearch.query", "pk": 5, "fields": {"query_string": "use"}}, {"model": "wagtailsearch.query", "pk": 6, "fields": {"query_string": "good"}}, {"model": "wagtailsearch.querydailyhits", "pk": 1, "fields": {"query": 1, "date": "2022-04-20", "hits": 4}}, {"model": "wagtailsearch.querydailyhits", "pk": 2, "fields": {"query": 2, "date": "2022-04-20", "hits": 4}}, {"model": "wagtailsearch.querydailyhits", "pk": 3, "fields": {"query": 3, "date": "2022-04-20", "hits": 5}}, {"model": "wagtailsearch.querydailyhits", "pk": 4, "fields": {"query": 4, "date": "2022-04-20", "hits": 15}}, {"model": "wagtailsearch.querydailyhits", "pk": 5, "fields": {"query": 5, "date": "2022-04-20", "hits": 3}}, {"model": "wagtailsearch.querydailyhits", "pk": 6, "fields": {"query": 5, "date": "2022-04-21", "hits": 1}}, {"model": "wagtailsearch.querydailyhits", "pk": 7, "fields": {"query": 2, "date": "2022-04-21", "hits": 3}}, {"model": "wagtailsearch.querydailyhits", "pk": 8, "fields": {"query": 1, "date": "2022-04-21", "hits": 1}}, {"model": "wagtailsearch.querydailyhits", "pk": 9, "fields": {"query": 6, "date": "2022-04-21", "hits": 4}}, {"model": "wagtailsearch.querydailyhits", "pk": 10, "fields": {"query": 2, "date": "2022-04-22", "hits": 2}}, {"model": "wagtailsearch.querydailyhits", "pk": 11, "fields": {"query": 2, "date": "2022-04-25", "hits": 3}}, {"model": "wagtailcore.locale", "pk": 1, "fields": {"language_code": "en"}}, {"model": "wagtailcore.site", "pk": 2, "fields": {"hostname": "localhost", "port": 80, "site_name": "", "root_page": 4, "is_default_site": true}}, {"model": "wagtailcore.modellogentry", "pk": 1, "fields": {"content_type": 27, "label": "localhost [default]", "action": "wagtail.edit", "data_json": "\"\"", "timestamp": "2022-04-20T04:00:14.289Z", "uuid": "9bd37949-34f5-472e-8c62-426148203f73", "user": 3, "content_changed": false, "deleted": false, "object_id": "2"}}, {"model": "wagtailcore.modellogentry", "pk": 2, "fields": {"content_type": 48, "label": "elfzweik", "action": "wagtail.edit", "data_json": "\"\"", "timestamp": "2022-04-22T00:05:20.183Z", "uuid": "72141c3e-3e1d-41c0-a839-69e612cf5f55", "user": 3, "content_changed": false, "deleted": false, "object_id": "3"}}, {"model": "wagtailcore.modellogentry", "pk": 3, "fields": {"content_type": 48, "label": "zhaomin", "action": "wagtail.create", "data_json": "\"\"", "timestamp": "2022-04-23T10:17:01.669Z", "uuid": "83e59ee0-59b7-47b2-94f2-86bcd00b644c", "user": 3, "content_changed": false, "deleted": false, "object_id": "11"}}, {"model": "wagtailcore.modellogentry", "pk": 4, "fields": {"content_type": 48, "label": "zhangwuji", "action": "wagtail.edit", "data_json": "\"\"", "timestamp": "2022-04-29T07:44:28.425Z", "uuid": "9cbfeba5-780c-4dff-8e36-3d96858edd32", "user": 3, "content_changed": false, "deleted": false, "object_id": "9"}}, {"model": "wagtailcore.collection", "pk": 1, "fields": {"path": "0001", "depth": 1, "numchild": 0, "name": "Root"}}, {"model": "wagtailcore.groupcollectionpermission", "pk": 1, "fields": {"group": 2, "collection": 1, "permission": 1}}, {"model": "wagtailcore.groupcollectionpermission", "pk": 2, "fields": {"group": 1, "collection": 1, "permission": 1}}, {"model": "wagtailcore.groupcollectionpermission", "pk": 3, "fields": {"group": 2, "collection": 1, "permission": 2}}, {"model": "wagtailcore.groupcollectionpermission", "pk": 4, "fields": {"group": 1, "collection": 1, "permission": 2}}, {"model": "wagtailcore.groupcollectionpermission", "pk": 5, "fields": {"group": 2, "collection": 1, "permission": 6}}, {"model": "wagtailcore.groupcollectionpermission", "pk": 6, "fields": {"group": 1, "collection": 1, "permission": 6}}, {"model": "wagtailcore.groupcollectionpermission", "pk": 7, "fields": {"group": 2, "collection": 1, "permission": 7}}, {"model": "wagtailcore.groupcollectionpermission", "pk": 8, "fields": {"group": 1, "collection": 1, "permission": 7}}, {"model": "wagtailcore.groupcollectionpermission", "pk": 9, "fields": {"group": 2, "collection": 1, "permission": 9}}, {"model": "wagtailcore.groupcollectionpermission", "pk": 10, "fields": {"group": 1, "collection": 1, "permission": 9}}, {"model": "wagtailcore.page", "pk": 1, "fields": {"path": "0001", "depth": 1, "numchild": 1, "translation_key": "4a7151d6-e540-465a-ae22-0160cba0d3e2", "locale": 1, "title": "Root", "draft_title": "Root", "slug": "root", "content_type": 1, "live": true, "has_unpublished_changes": false, "url_path": "/", "owner": null, "seo_title": "", "show_in_menus": false, "search_description": "", "go_live_at": null, "expire_at": null, "expired": false, "locked": false, "locked_at": null, "locked_by": null, "first_published_at": null, "last_published_at": null, "latest_revision_created_at": null, "live_revision": null, "alias_of": null}}, {"model": "wagtailcore.page", "pk": 3, "fields": {"path": "000100020001", "depth": 3, "numchild": 0, "translation_key": "a492cf2f-d944-4cf0-8f79-b18cfdad2965", "locale": 1, "title": "Home", "draft_title": "Home", "slug": "about", "content_type": 4, "live": true, "has_unpublished_changes": false, "url_path": "/blog/about/", "owner": null, "seo_title": "", "show_in_menus": false, "search_description": "", "go_live_at": null, "expire_at": null, "expired": false, "locked": false, "locked_at": null, "locked_by": null, "first_published_at": "2022-04-20T04:02:16.092Z", "last_published_at": "2022-04-20T04:02:16.092Z", "latest_revision_created_at": "2022-04-20T04:02:16.064Z", "live_revision": 3, "alias_of": null}}, {"model": "wagtailcore.page", "pk": 4, "fields": {"path": "00010002", "depth": 2, "numchild": 8, "translation_key": "ca72d336-f334-4af3-9972-ab91ce5fdaae", "locale": 1, "title": "blog", "draft_title": "blog", "slug": "blog", "content_type": 8, "live": true, "has_unpublished_changes": false, "url_path": "/blog/", "owner": 3, "seo_title": "", "show_in_menus": false, "search_description": "", "go_live_at": null, "expire_at": null, "expired": false, "locked": false, "locked_at": null, "locked_by": null, "first_published_at": "2022-04-20T03:59:55.245Z", "last_published_at": "2022-04-20T03:59:55.245Z", "latest_revision_created_at": "2022-04-20T03:59:55.220Z", "live_revision": 1, "alias_of": null}}, {"model": "wagtailcore.page", "pk": 5, "fields": {"path": "000100020002", "depth": 3, "numchild": 0, "translation_key": "be75e53d-1253-491f-895b-29a4fb41cb42", "locale": 1, "title": "tags", "draft_title": "tags", "slug": "tags", "content_type": 11, "live": true, "has_unpublished_changes": false, "url_path": "/blog/tags/", "owner": 3, "seo_title": "", "show_in_menus": false, "search_description": "", "go_live_at": null, "expire_at": null, "expired": false, "locked": false, "locked_at": null, "locked_by": null, "first_published_at": "2022-04-20T04:00:49.082Z", "last_published_at": "2022-04-20T04:00:49.082Z", "latest_revision_created_at": "2022-04-20T04:00:49.062Z", "live_revision": 2, "alias_of": null}}, {"model": "wagtailcore.page", "pk": 6, "fields": {"path": "000100020003", "depth": 3, "numchild": 0, "translation_key": "32b30159-53d3-45ca-9264-24599490f3e9", "locale": 1, "title": "blog #1", "draft_title": "blog #1", "slug": "blog-1", "content_type": 9, "live": true, "has_unpublished_changes": false, "url_path": "/blog/blog-1/", "owner": 3, "seo_title": "", "show_in_menus": false, "search_description": "", "go_live_at": null, "expire_at": null, "expired": false, "locked": false, "locked_at": null, "locked_by": null, "first_published_at": "2022-04-20T04:03:04.881Z", "last_published_at": "2022-04-20T04:03:04.881Z", "latest_revision_created_at": "2022-04-20T04:03:04.849Z", "live_revision": 4, "alias_of": null}}, {"model": "wagtailcore.page", "pk": 7, "fields": {"path": "000100020004", "depth": 3, "numchild": 0, "translation_key": "89e0a043-4c93-4661-b00c-fa4b634d017f", "locale": 1, "title": "blog #2", "draft_title": "blog #2", "slug": "blog-2", "content_type": 9, "live": true, "has_unpublished_changes": false, "url_path": "/blog/blog-2/", "owner": 3, "seo_title": "", "show_in_menus": false, "search_description": "", "go_live_at": null, "expire_at": null, "expired": false, "locked": false, "locked_at": null, "locked_by": null, "first_published_at": "2022-04-20T04:04:01.915Z", "last_published_at": "2022-04-20T04:04:01.915Z", "latest_revision_created_at": "2022-04-20T04:04:01.889Z", "live_revision": 5, "alias_of": null}}, {"model": "wagtailcore.page", "pk": 8, "fields": {"path": "000100020005", "depth": 3, "numchild": 0, "translation_key": "0c8a0c1b-0954-4e42-8a46-672fcfef0da0", "locale": 1, "title": "blog #3", "draft_title": "blog #3", "slug": "blog-3", "content_type": 9, "live": true, "has_unpublished_changes": false, "url_path": "/blog/blog-3/", "owner": 3, "seo_title": "", "show_in_menus": false, "search_description": "", "go_live_at": null, "expire_at": null, "expired": false, "locked": false, "locked_at": null, "locked_by": null, "first_published_at": "2022-04-20T04:04:46.101Z", "last_published_at": "2022-04-20T04:04:46.101Z", "latest_revision_created_at": "2022-04-20T04:04:46.076Z", "live_revision": 6, "alias_of": null}}, {"model": "wagtailcore.page", "pk": 9, "fields": {"path": "000100020006", "depth": 3, "numchild": 0, "translation_key": "6cc6595c-d939-4f45-9d06-f940a23b9f43", "locale": 1, "title": "blog #4", "draft_title": "blog #4", "slug": "blog-4", "content_type": 9, "live": true, "has_unpublished_changes": false, "url_path": "/blog/blog-4/", "owner": 3, "seo_title": "", "show_in_menus": false, "search_description": "", "go_live_at": null, "expire_at": null, "expired": false, "locked": false, "locked_at": null, "locked_by": null, "first_published_at": "2022-04-22T16:53:37.444Z", "last_published_at": "2022-04-24T09:28:34.667Z", "latest_revision_created_at": "2022-04-24T09:28:34.632Z", "live_revision": 8, "alias_of": null}}, {"model": "wagtailcore.page", "pk": 10, "fields": {"path": "000100020007", "depth": 3, "numchild": 0, "translation_key": "85207b5b-8913-4cd7-909b-10a8e4b1199e", "locale": 1, "title": "blog #5", "draft_title": "blog #5", "slug": "blog-5", "content_type": 9, "live": true, "has_unpublished_changes": false, "url_path": "/blog/blog-5/", "owner": 3, "seo_title": "", "show_in_menus": false, "search_description": "", "go_live_at": null, "expire_at": null, "expired": false, "locked": false, "locked_at": null, "locked_by": null, "first_published_at": "2022-04-24T12:43:46.911Z", "last_published_at": "2022-04-24T12:43:46.911Z", "latest_revision_created_at": "2022-04-24T12:43:46.882Z", "live_revision": 9, "alias_of": null}}, {"model": "wagtailcore.page", "pk": 11, "fields": {"path": "000100020008", "depth": 3, "numchild": 0, "translation_key": "4a830cf5-b562-4744-b441-845b124c3318", "locale": 1, "title": "blog #6", "draft_title": "blog #6", "slug": "blog-6", "content_type": 9, "live": true, "has_unpublished_changes": false, "url_path": "/blog/blog-6/", "owner": 9, "seo_title": "", "show_in_menus": false, "search_description": "", "go_live_at": null, "expire_at": null, "expired": false, "locked": false, "locked_at": null, "locked_by": null, "first_published_at": "2022-05-02T05:20:12.132Z", "last_published_at": "2022-05-02T05:20:12.132Z", "latest_revision_created_at": "2022-05-02T05:20:12.102Z", "live_revision": 10, "alias_of": null}}, {"model": "wagtailcore.pagerevision", "pk": 1, "fields": {"page": 4, "submitted_for_moderation": false, "created_at": "2022-04-20T03:59:55.220Z", "user": 3, "content_json": "{\"pk\": 4, \"path\": \"00010002\", \"depth\": 2, \"numchild\": 0, \"translation_key\": \"ca72d336-f334-4af3-9972-ab91ce5fdaae\", \"locale\": 1, \"title\": \"blog\", \"draft_title\": \"blog\", \"slug\": \"blog\", \"content_type\": 8, \"live\": true, \"has_unpublished_changes\": false, \"url_path\": \"/blog/\", \"owner\": 3, \"seo_title\": \"\", \"show_in_menus\": false, \"search_description\": \"\", \"go_live_at\": null, \"expire_at\": null, \"expired\": false, \"locked\": false, \"locked_at\": null, \"locked_by\": null, \"first_published_at\": null, \"last_published_at\": null, \"latest_revision_created_at\": null, \"live_revision\": null, \"alias_of\": null, \"custom_title\": \"<p>hello</p>\", \"wagtail_admin_comments\": []}", "approved_go_live_at": null}}, {"model": "wagtailcore.pagerevision", "pk": 2, "fields": {"page": 5, "submitted_for_moderation": false, "created_at": "2022-04-20T04:00:49.062Z", "user": 3, "content_json": "{\"pk\": 5, \"path\": \"000100020002\", \"depth\": 3, \"numchild\": 0, \"translation_key\": \"be75e53d-1253-491f-895b-29a4fb41cb42\", \"locale\": 1, \"title\": \"tags\", \"draft_title\": \"tags\", \"slug\": \"tags\", \"content_type\": 11, \"live\": true, \"has_unpublished_changes\": false, \"url_path\": \"/blog/tags/\", \"owner\": 3, \"seo_title\": \"\", \"show_in_menus\": false, \"search_description\": \"\", \"go_live_at\": null, \"expire_at\": null, \"expired\": false, \"locked\": false, \"locked_at\": null, \"locked_by\": null, \"first_published_at\": null, \"last_published_at\": null, \"latest_revision_created_at\": null, \"live_revision\": null, \"alias_of\": null, \"wagtail_admin_comments\": []}", "approved_go_live_at": null}}, {"model": "wagtailcore.pagerevision", "pk": 3, "fields": {"page": 3, "submitted_for_moderation": false, "created_at": "2022-04-20T04:02:16.064Z", "user": 3, "content_json": "{\"pk\": 3, \"path\": \"000100020001\", \"depth\": 3, \"numchild\": 0, \"translation_key\": \"a492cf2f-d944-4cf0-8f79-b18cfdad2965\", \"locale\": 1, \"title\": \"Home\", \"draft_title\": \"Home\", \"slug\": \"about\", \"content_type\": 4, \"live\": true, \"has_unpublished_changes\": false, \"url_path\": \"/blog/home/\", \"owner\": null, \"seo_title\": \"\", \"show_in_menus\": false, \"search_description\": \"\", \"go_live_at\": null, \"expire_at\": null, \"expired\": false, \"locked\": false, \"locked_at\": null, \"locked_by\": null, \"first_published_at\": null, \"last_published_at\": null, \"latest_revision_created_at\": null, \"live_revision\": null, \"alias_of\": null, \"banner_title\": \"\\u73e0\\u6d77\\u62fe\\u8d1d\", \"banner_subtitle\": \"<p data-block-key=\\\"0srlu\\\">\\u8fd9\\u4e2a\\u535a\\u5ba2\\u7f51\\u7ad9\\u975e\\u5173\\u60b2\\u79cb\\uff0c\\u4e0d\\u662f\\u75c5\\u9152\\uff0c\\u53ea\\u662f\\u5bf9\\u5efa\\u7ad9\\u6280\\u672f\\u7684\\u4e00\\u6b21\\u5c1d\\u8bd5\\u3002\\u6b22\\u8fce\\u6709\\u5174\\u8da3\\u8005\\u8ba4\\u9886\\u8fd0\\u8425\\u3002</p>\", \"banner_image\": 1, \"banner_cta\": null, \"wagtail_admin_comments\": []}", "approved_go_live_at": null}}, {"model": "wagtailcore.pagerevision", "pk": 4, "fields": {"page": 6, "submitted_for_moderation": false, "created_at": "2022-04-20T04:03:04.849Z", "user": 3, "content_json": "{\"pk\": 6, \"path\": \"000100020003\", \"depth\": 3, \"numchild\": 0, \"translation_key\": \"32b30159-53d3-45ca-9264-24599490f3e9\", \"locale\": 1, \"title\": \"blog #1\", \"draft_title\": \"blog #1\", \"slug\": \"blog-1\", \"content_type\": 9, \"live\": true, \"has_unpublished_changes\": false, \"url_path\": \"/blog/blog-1/\", \"owner\": 3, \"seo_title\": \"\", \"show_in_menus\": false, \"search_description\": \"\", \"go_live_at\": null, \"expire_at\": null, \"expired\": false, \"locked\": false, \"locked_at\": null, \"locked_by\": null, \"first_published_at\": null, \"last_published_at\": null, \"latest_revision_created_at\": null, \"live_revision\": null, \"alias_of\": null, \"custom_title\": \"blog #1\", \"author\": 1, \"create_date\": \"2022-04-20\", \"update_date\": \"2022-04-20\", \"intro\": \"This is a test.\", \"content\": \"[]\", \"wagtail_admin_comments\": [], \"tagged_items\": [{\"pk\": 1, \"tag\": 1, \"content_object\": 6}], \"gallery_images\": [{\"pk\": 1, \"sort_order\": 0, \"page\": 6, \"image\": 2}]}", "approved_go_live_at": null}}, {"model": "wagtailcore.pagerevision", "pk": 5, "fields": {"page": 7, "submitted_for_moderation": false, "created_at": "2022-04-20T04:04:01.889Z", "user": 3, "content_json": "{\"pk\": 7, \"path\": \"000100020004\", \"depth\": 3, \"numchild\": 0, \"translation_key\": \"89e0a043-4c93-4661-b00c-fa4b634d017f\", \"locale\": 1, \"title\": \"blog #2\", \"draft_title\": \"blog #2\", \"slug\": \"blog-2\", \"content_type\": 9, \"live\": true, \"has_unpublished_changes\": false, \"url_path\": \"/blog/blog-2/\", \"owner\": 3, \"seo_title\": \"\", \"show_in_menus\": false, \"search_description\": \"\", \"go_live_at\": null, \"expire_at\": null, \"expired\": false, \"locked\": false, \"locked_at\": null, \"locked_by\": null, \"first_published_at\": null, \"last_published_at\": null, \"latest_revision_created_at\": null, \"live_revision\": null, \"alias_of\": null, \"custom_title\": \"blog #2\", \"author\": 1, \"create_date\": \"2022-04-20\", \"update_date\": \"2022-04-20\", \"intro\": \"good morning!\", \"content\": \"[]\", \"wagtail_admin_comments\": [], \"tagged_items\": [{\"pk\": 2, \"tag\": 1, \"content_object\": 7}], \"gallery_images\": [{\"pk\": 2, \"sort_order\": 0, \"page\": 7, \"image\": 3}]}", "approved_go_live_at": null}}, {"model": "wagtailcore.pagerevision", "pk": 6, "fields": {"page": 8, "submitted_for_moderation": false, "created_at": "2022-04-20T04:04:46.076Z", "user": 3, "content_json": "{\"pk\": 8, \"path\": \"000100020005\", \"depth\": 3, \"numchild\": 0, \"translation_key\": \"0c8a0c1b-0954-4e42-8a46-672fcfef0da0\", \"locale\": 1, \"title\": \"blog #3\", \"draft_title\": \"blog #3\", \"slug\": \"blog-3\", \"content_type\": 9, \"live\": true, \"has_unpublished_changes\": false, \"url_path\": \"/blog/blog-3/\", \"owner\": 3, \"seo_title\": \"\", \"show_in_menus\": false, \"search_description\": \"\", \"go_live_at\": null, \"expire_at\": null, \"expired\": false, \"locked\": false, \"locked_at\": null, \"locked_by\": null, \"first_published_at\": null, \"last_published_at\": null, \"latest_revision_created_at\": null, \"live_revision\": null, \"alias_of\": null, \"custom_title\": \"blog #3\", \"author\": 1, \"create_date\": \"2022-04-20\", \"update_date\": \"2022-04-20\", \"intro\": \"hello\", \"content\": \"[]\", \"wagtail_admin_comments\": [], \"tagged_items\": [{\"pk\": 3, \"tag\": 2, \"content_object\": 8}], \"gallery_images\": [{\"pk\": 3, \"sort_order\": 0, \"page\": 8, \"image\": 4}]}", "approved_go_live_at": null}}, {"model": "wagtailcore.pagerevision", "pk": 7, "fields": {"page": 9, "submitted_for_moderation": false, "created_at": "2022-04-22T16:53:37.395Z", "user": 3, "content_json": "{\"pk\": 9, \"path\": \"000100020006\", \"depth\": 3, \"numchild\": 0, \"translation_key\": \"6cc6595c-d939-4f45-9d06-f940a23b9f43\", \"locale\": 1, \"title\": \"blog #4\", \"draft_title\": \"blog #4\", \"slug\": \"blog-4\", \"content_type\": 9, \"live\": true, \"has_unpublished_changes\": false, \"url_path\": \"/blog/blog-4/\", \"owner\": 3, \"seo_title\": \"\", \"show_in_menus\": false, \"search_description\": \"\", \"go_live_at\": null, \"expire_at\": null, \"expired\": false, \"locked\": false, \"locked_at\": null, \"locked_by\": null, \"first_published_at\": null, \"last_published_at\": null, \"latest_revision_created_at\": null, \"live_revision\": null, \"alias_of\": null, \"custom_title\": \"blog #4\", \"author\": 9, \"create_date\": \"2022-04-22\", \"update_date\": \"2022-04-22\", \"intro\": \"hello\", \"content\": \"[{\\\"type\\\": \\\"paragraph\\\", \\\"value\\\": \\\"<p data-block-key=\\\\\\\"uvkx0\\\\\\\">cvzzvcvzvcvDSddsd</p>\\\", \\\"id\\\": \\\"48d93c37-080f-4a7f-8dd4-76f3167f6f7c\\\"}, {\\\"type\\\": \\\"image\\\", \\\"value\\\": 12, \\\"id\\\": \\\"2752a53c-7169-4788-916b-5c6082bb0946\\\"}, {\\\"type\\\": \\\"blockquote\\\", \\\"value\\\": \\\"vcvxczbzbzbzb\\\", \\\"id\\\": \\\"535ab63d-7659-428e-8036-4ba599c36c8e\\\"}]\", \"wagtail_admin_comments\": [], \"tagged_items\": [], \"gallery_images\": [{\"pk\": 4, \"sort_order\": 0, \"page\": 9, \"image\": 10}]}", "approved_go_live_at": null}}, {"model": "wagtailcore.pagerevision", "pk": 8, "fields": {"page": 9, "submitted_for_moderation": false, "created_at": "2022-04-24T09:28:34.632Z", "user": 3, "content_json": "{\"pk\": 9, \"path\": \"000100020006\", \"depth\": 3, \"numchild\": 0, \"translation_key\": \"6cc6595c-d939-4f45-9d06-f940a23b9f43\", \"locale\": 1, \"title\": \"blog #4\", \"draft_title\": \"blog #4\", \"slug\": \"blog-4\", \"content_type\": 9, \"live\": true, \"has_unpublished_changes\": false, \"url_path\": \"/blog/blog-4/\", \"owner\": 3, \"seo_title\": \"\", \"show_in_menus\": false, \"search_description\": \"\", \"go_live_at\": null, \"expire_at\": null, \"expired\": false, \"locked\": false, \"locked_at\": null, \"locked_by\": null, \"first_published_at\": \"2022-04-22T16:53:37.444Z\", \"last_published_at\": \"2022-04-22T16:53:37.444Z\", \"latest_revision_created_at\": \"2022-04-22T16:53:37.395Z\", \"live_revision\": 7, \"alias_of\": null, \"custom_title\": \"blog #4\", \"author\": 9, \"create_date\": \"2022-04-22\", \"update_date\": \"2022-04-24\", \"intro\": \"hello\", \"content\": \"[{\\\"type\\\": \\\"paragraph\\\", \\\"value\\\": \\\"<p data-block-key=\\\\\\\"uvkx0\\\\\\\">cvzzvcvzvcvDSddsd</p>\\\", \\\"id\\\": \\\"48d93c37-080f-4a7f-8dd4-76f3167f6f7c\\\"}, {\\\"type\\\": \\\"image\\\", \\\"value\\\": 4, \\\"id\\\": \\\"2752a53c-7169-4788-916b-5c6082bb0946\\\"}, {\\\"type\\\": \\\"blockquote\\\", \\\"value\\\": \\\"vcvxczbzbzbzb\\\", \\\"id\\\": \\\"535ab63d-7659-428e-8036-4ba599c36c8e\\\"}]\", \"wagtail_admin_comments\": [], \"tagged_items\": [], \"gallery_images\": [{\"pk\": null, \"sort_order\": 0, \"page\": 9, \"image\": 18}]}", "approved_go_live_at": null}}, {"model": "wagtailcore.pagerevision", "pk": 9, "fields": {"page": 10, "submitted_for_moderation": false, "created_at": "2022-04-24T12:43:46.882Z", "user": 3, "content_json": "{\"pk\": 10, \"path\": \"000100020007\", \"depth\": 3, \"numchild\": 0, \"translation_key\": \"85207b5b-8913-4cd7-909b-10a8e4b1199e\", \"locale\": 1, \"title\": \"blog #5\", \"draft_title\": \"blog #5\", \"slug\": \"blog-5\", \"content_type\": 9, \"live\": true, \"has_unpublished_changes\": false, \"url_path\": \"/blog/blog-5/\", \"owner\": 3, \"seo_title\": \"\", \"show_in_menus\": false, \"search_description\": \"\", \"go_live_at\": null, \"expire_at\": null, \"expired\": false, \"locked\": false, \"locked_at\": null, \"locked_by\": null, \"first_published_at\": null, \"last_published_at\": null, \"latest_revision_created_at\": null, \"live_revision\": null, \"alias_of\": null, \"custom_title\": \"blog #5\", \"author\": 1, \"create_date\": \"2022-04-24\", \"update_date\": \"2022-04-24\", \"intro\": \"hello\", \"content\": \"[]\", \"wagtail_admin_comments\": [], \"tagged_items\": [{\"pk\": 4, \"tag\": 1, \"content_object\": 10}], \"gallery_images\": [{\"pk\": 6, \"sort_order\": 0, \"page\": 10, \"image\": 3}]}", "approved_go_live_at": null}}, {"model": "wagtailcore.pagerevision", "pk": 10, "fields": {"page": 11, "submitted_for_moderation": false, "created_at": "2022-05-02T05:20:12.102Z", "user": 9, "content_json": "{\"pk\": 11, \"path\": \"000100020008\", \"depth\": 3, \"numchild\": 0, \"translation_key\": \"4a830cf5-b562-4744-b441-845b124c3318\", \"locale\": 1, \"title\": \"blog #6\", \"draft_title\": \"blog #6\", \"slug\": \"blog-6\", \"content_type\": 9, \"live\": true, \"has_unpublished_changes\": false, \"url_path\": \"/blog/blog-6/\", \"owner\": 9, \"seo_title\": \"\", \"show_in_menus\": false, \"search_description\": \"\", \"go_live_at\": null, \"expire_at\": null, \"expired\": false, \"locked\": false, \"locked_at\": null, \"locked_by\": null, \"first_published_at\": null, \"last_published_at\": null, \"latest_revision_created_at\": null, \"live_revision\": null, \"alias_of\": null, \"custom_title\": \"blog # 6\", \"author\": 9, \"create_date\": \"2022-05-02\", \"update_date\": \"2022-05-02\", \"intro\": \"hello\", \"content\": \"[]\", \"wagtail_admin_comments\": [], \"tagged_items\": [], \"gallery_images\": [{\"pk\": 7, \"sort_order\": 0, \"page\": 11, \"image\": 26}]}", "approved_go_live_at": null}}, {"model": "wagtailcore.grouppagepermission", "pk": 1, "fields": {"group": 1, "page": 1, "permission_type": "add"}}, {"model": "wagtailcore.grouppagepermission", "pk": 2, "fields": {"group": 1, "page": 1, "permission_type": "edit"}}, {"model": "wagtailcore.grouppagepermission", "pk": 3, "fields": {"group": 1, "page": 1, "permission_type": "publish"}}, {"model": "wagtailcore.grouppagepermission", "pk": 4, "fields": {"group": 2, "page": 1, "permission_type": "add"}}, {"model": "wagtailcore.grouppagepermission", "pk": 5, "fields": {"group": 2, "page": 1, "permission_type": "edit"}}, {"model": "wagtailcore.grouppagepermission", "pk": 6, "fields": {"group": 1, "page": 1, "permission_type": "lock"}}, {"model": "wagtailcore.grouppagepermission", "pk": 7, "fields": {"group": 1, "page": 1, "permission_type": "unlock"}}, {"model": "wagtailcore.workflowpage", "pk": 1, "fields": {"workflow": 1}}, {"model": "wagtailcore.workflowtask", "pk": 1, "fields": {"sort_order": 0, "workflow": 1, "task": 1}}, {"model": "wagtailcore.task", "pk": 1, "fields": {"name": "Moderators approval", "content_type": 3, "active": true}}, {"model": "wagtailcore.workflow", "pk": 1, "fields": {"name": "Moderators approval", "active": true}}, {"model": "wagtailcore.groupapprovaltask", "pk": 1, "fields": {"groups": [1]}}, {"model": "wagtailcore.pagelogentry", "pk": 1, "fields": {"content_type": 8, "label": "blog", "action": "wagtail.create", "data_json": "\"\"", "timestamp": "2022-04-20T03:59:55.201Z", "uuid": "13dd1979-de9c-4fc4-a8ed-2c7a6dfd6d7e", "user": 3, "content_changed": true, "deleted": false, "page": 4, "revision": null}}, {"model": "wagtailcore.pagelogentry", "pk": 2, "fields": {"content_type": 8, "label": "blog", "action": "wagtail.publish", "data_json": "null", "timestamp": "2022-04-20T03:59:55.278Z", "uuid": "13dd1979-de9c-4fc4-a8ed-2c7a6dfd6d7e", "user": 3, "content_changed": true, "deleted": false, "page": 4, "revision": 1}}, {"model": "wagtailcore.pagelogentry", "pk": 3, "fields": {"content_type": 4, "label": "Home", "action": "wagtail.move", "data_json": "{\"source\": {\"id\": 1, \"title\": \"Root\"}, \"destination\": {\"id\": 4, \"title\": \"blog\"}}", "timestamp": "2022-04-20T04:00:33.940Z", "uuid": "72bfbb19-c75c-4063-934d-26557c37e05d", "user": 3, "content_changed": false, "deleted": false, "page": 3, "revision": null}}, {"model": "wagtailcore.pagelogentry", "pk": 4, "fields": {"content_type": 11, "label": "tags", "action": "wagtail.create", "data_json": "\"\"", "timestamp": "2022-04-20T04:00:49.047Z", "uuid": "f19d1d7a-c000-448a-a696-1ed8200ae9b2", "user": 3, "content_changed": true, "deleted": false, "page": 5, "revision": null}}, {"model": "wagtailcore.pagelogentry", "pk": 5, "fields": {"content_type": 11, "label": "tags", "action": "wagtail.publish", "data_json": "null", "timestamp": "2022-04-20T04:00:49.110Z", "uuid": "f19d1d7a-c000-448a-a696-1ed8200ae9b2", "user": 3, "content_changed": true, "deleted": false, "page": 5, "revision": 2}}, {"model": "wagtailcore.pagelogentry", "pk": 6, "fields": {"content_type": 4, "label": "Home", "action": "wagtail.edit", "data_json": "\"\"", "timestamp": "2022-04-20T04:02:16.075Z", "uuid": "720dffd5-2906-4934-99a0-be39ee0b316f", "user": 3, "content_changed": true, "deleted": false, "page": 3, "revision": 3}}, {"model": "wagtailcore.pagelogentry", "pk": 7, "fields": {"content_type": 4, "label": "Home", "action": "wagtail.publish", "data_json": "null", "timestamp": "2022-04-20T04:02:16.143Z", "uuid": "720dffd5-2906-4934-99a0-be39ee0b316f", "user": 3, "content_changed": true, "deleted": false, "page": 3, "revision": 3}}, {"model": "wagtailcore.pagelogentry", "pk": 8, "fields": {"content_type": 9, "label": "blog #1", "action": "wagtail.create", "data_json": "\"\"", "timestamp": "2022-04-20T04:03:04.830Z", "uuid": "96a5f7a4-f434-4425-ab61-49d872ad3b00", "user": 3, "content_changed": true, "deleted": false, "page": 6, "revision": null}}, {"model": "wagtailcore.pagelogentry", "pk": 9, "fields": {"content_type": 9, "label": "blog #1", "action": "wagtail.publish", "data_json": "null", "timestamp": "2022-04-20T04:03:04.918Z", "uuid": "96a5f7a4-f434-4425-ab61-49d872ad3b00", "user": 3, "content_changed": true, "deleted": false, "page": 6, "revision": 4}}, {"model": "wagtailcore.pagelogentry", "pk": 10, "fields": {"content_type": 9, "label": "blog #2", "action": "wagtail.create", "data_json": "\"\"", "timestamp": "2022-04-20T04:04:01.871Z", "uuid": "64560677-893c-4dfc-bec7-4204abaea904", "user": 3, "content_changed": true, "deleted": false, "page": 7, "revision": null}}, {"model": "wagtailcore.pagelogentry", "pk": 11, "fields": {"content_type": 9, "label": "blog #2", "action": "wagtail.publish", "data_json": "null", "timestamp": "2022-04-20T04:04:01.948Z", "uuid": "64560677-893c-4dfc-bec7-4204abaea904", "user": 3, "content_changed": true, "deleted": false, "page": 7, "revision": 5}}, {"model": "wagtailcore.pagelogentry", "pk": 12, "fields": {"content_type": 9, "label": "blog #3", "action": "wagtail.create", "data_json": "\"\"", "timestamp": "2022-04-20T04:04:46.057Z", "uuid": "657b1bb8-393a-4d3a-871c-dff56c13b32b", "user": 3, "content_changed": true, "deleted": false, "page": 8, "revision": null}}, {"model": "wagtailcore.pagelogentry", "pk": 13, "fields": {"content_type": 9, "label": "blog #3", "action": "wagtail.publish", "data_json": "null", "timestamp": "2022-04-20T04:04:46.129Z", "uuid": "657b1bb8-393a-4d3a-871c-dff56c13b32b", "user": 3, "content_changed": true, "deleted": false, "page": 8, "revision": 6}}, {"model": "wagtailcore.pagelogentry", "pk": 14, "fields": {"content_type": 9, "label": "blog #4", "action": "wagtail.create", "data_json": "\"\"", "timestamp": "2022-04-22T16:53:37.375Z", "uuid": "c276a125-6803-45aa-8a6c-ec1e6704601a", "user": 3, "content_changed": true, "deleted": false, "page": 9, "revision": null}}, {"model": "wagtailcore.pagelogentry", "pk": 15, "fields": {"content_type": 9, "label": "blog #4", "action": "wagtail.publish", "data_json": "null", "timestamp": "2022-04-22T16:53:37.498Z", "uuid": "c276a125-6803-45aa-8a6c-ec1e6704601a", "user": 3, "content_changed": true, "deleted": false, "page": 9, "revision": 7}}, {"model": "wagtailcore.pagelogentry", "pk": 16, "fields": {"content_type": 9, "label": "blog #4", "action": "wagtail.edit", "data_json": "\"\"", "timestamp": "2022-04-24T09:28:34.645Z", "uuid": "48f82afb-6bb0-46de-ab9d-9fb44f52527b", "user": 3, "content_changed": true, "deleted": false, "page": 9, "revision": 8}}, {"model": "wagtailcore.pagelogentry", "pk": 17, "fields": {"content_type": 9, "label": "blog #4", "action": "wagtail.publish", "data_json": "null", "timestamp": "2022-04-24T09:28:34.721Z", "uuid": "48f82afb-6bb0-46de-ab9d-9fb44f52527b", "user": 3, "content_changed": true, "deleted": false, "page": 9, "revision": 8}}, {"model": "wagtailcore.pagelogentry", "pk": 18, "fields": {"content_type": 9, "label": "blog #5", "action": "wagtail.create", "data_json": "\"\"", "timestamp": "2022-04-24T12:43:46.859Z", "uuid": "40ae51b7-6a75-436e-aeb4-34c545b8f4f5", "user": 3, "content_changed": true, "deleted": false, "page": 10, "revision": null}}, {"model": "wagtailcore.pagelogentry", "pk": 19, "fields": {"content_type": 9, "label": "blog #5", "action": "wagtail.publish", "data_json": "null", "timestamp": "2022-04-24T12:43:46.944Z", "uuid": "40ae51b7-6a75-436e-aeb4-34c545b8f4f5", "user": 3, "content_changed": true, "deleted": false, "page": 10, "revision": 9}}, {"model": "wagtailcore.pagelogentry", "pk": 20, "fields": {"content_type": 9, "label": "blog #6", "action": "wagtail.create", "data_json": "\"\"", "timestamp": "2022-05-02T05:20:12.080Z", "uuid": "0467b50a-e455-40c1-b681-d1590a73e2ee", "user": 9, "content_changed": true, "deleted": false, "page": 11, "revision": null}}, {"model": "wagtailcore.pagelogentry", "pk": 21, "fields": {"content_type": 9, "label": "blog #6", "action": "wagtail.publish", "data_json": "null", "timestamp": "2022-05-02T05:20:12.168Z", "uuid": "0467b50a-e455-40c1-b681-d1590a73e2ee", "user": 9, "content_changed": true, "deleted": false, "page": 11, "revision": 10}}, {"model": "wagtailcore.pagesubscription", "pk": 1, "fields": {"user": 3, "page": 4, "comment_notifications": true}}, {"model": "wagtailcore.pagesubscription", "pk": 2, "fields": {"user": 3, "page": 5, "comment_notifications": true}}, {"model": "wagtailcore.pagesubscription", "pk": 3, "fields": {"user": 3, "page": 3, "comment_notifications": false}}, {"model": "wagtailcore.pagesubscription", "pk": 4, "fields": {"user": 3, "page": 6, "comment_notifications": true}}, {"model": "wagtailcore.pagesubscription", "pk": 5, "fields": {"user": 3, "page": 7, "comment_notifications": true}}, {"model": "wagtailcore.pagesubscription", "pk": 6, "fields": {"user": 3, "page": 8, "comment_notifications": true}}, {"model": "wagtailcore.pagesubscription", "pk": 7, "fields": {"user": 3, "page": 9, "comment_notifications": true}}, {"model": "wagtailcore.pagesubscription", "pk": 8, "fields": {"user": 3, "page": 10, "comment_notifications": true}}, {"model": "wagtailcore.pagesubscription", "pk": 9, "fields": {"user": 9, "page": 11, "comment_notifications": true}}, {"model": "taggit.tag", "pk": 1, "fields": {"name": "test", "slug": "test"}}, {"model": "taggit.tag", "pk": 2, "fields": {"name": "book", "slug": "book"}}, {"model": "taggit.tag", "pk": 3, "fields": {"name": "user", "slug": "user"}}, {"model": "taggit.taggeditem", "pk": 1, "fields": {"tag": 3, "content_type": 2, "object_id": 14}}, {"model": "taggit.taggeditem", "pk": 2, "fields": {"tag": 3, "content_type": 2, "object_id": 15}}, {"model": "taggit.taggeditem", "pk": 3, "fields": {"tag": 3, "content_type": 2, "object_id": 16}}, {"model": "taggit.taggeditem", "pk": 4, "fields": {"tag": 3, "content_type": 2, "object_id": 17}}, {"model": "taggit.taggeditem", "pk": 5, "fields": {"tag": 3, "content_type": 2, "object_id": 18}}, {"model": "taggit.taggeditem", "pk": 6, "fields": {"tag": 3, "content_type": 2, "object_id": 19}}, {"model": "taggit.taggeditem", "pk": 7, "fields": {"tag": 3, "content_type": 2, "object_id": 20}}, {"model": "taggit.taggeditem", "pk": 8, "fields": {"tag": 3, "content_type": 2, "object_id": 21}}, {"model": "taggit.taggeditem", "pk": 9, "fields": {"tag": 3, "content_type": 2, "object_id": 22}}, {"model": "taggit.taggeditem", "pk": 10, "fields": {"tag": 3, "content_type": 2, "object_id": 23}}, {"model": "taggit.taggeditem", "pk": 11, "fields": {"tag": 3, "content_type": 2, "object_id": 24}}, {"model": "taggit.taggeditem", "pk": 12, "fields": {"tag": 3, "content_type": 2, "object_id": 25}}, {"model": "admin.logentry", "pk": 1, "fields": {"action_time": "2022-04-21T23:56:47.410Z", "user": 3, "content_type": 51, "object_id": "1", "object_repr": "elf", "action_flag": 1, "change_message": "[{\"added\": {}}]"}}, {"model": "admin.logentry", "pk": 2, "fields": {"action_time": "2022-04-21T23:57:02.267Z", "user": 3, "content_type": 51, "object_id": "2", "object_repr": "elfzweik", "action_flag": 1, "change_message": "[{\"added\": {}}]"}}, {"model": "admin.logentry", "pk": 3, "fields": {"action_time": "2022-04-21T23:57:18.888Z", "user": 3, "content_type": 51, "object_id": "3", "object_repr": "wzx", "action_flag": 1, "change_message": "[{\"added\": {}}]"}}, {"model": "admin.logentry", "pk": 4, "fields": {"action_time": "2022-04-21T23:57:31.854Z", "user": 3, "content_type": 51, "object_id": "4", "object_repr": "zhangwuji", "action_flag": 1, "change_message": "[{\"added\": {}}]"}}, {"model": "admin.logentry", "pk": 5, "fields": {"action_time": "2022-04-23T03:59:34.159Z", "user": 3, "content_type": 51, "object_id": "2", "object_repr": "<Profile>: for elfzweik", "action_flag": 2, "change_message": "[{\"changed\": {\"fields\": [\"Avatar\"]}}]"}}, {"model": "admin.logentry", "pk": 6, "fields": {"action_time": "2022-04-23T10:19:04.530Z", "user": 3, "content_type": 51, "object_id": "5", "object_repr": "<Profile>: for zhaomin", "action_flag": 1, "change_message": "[{\"added\": {}}]"}}, {"model": "admin.logentry", "pk": 7, "fields": {"action_time": "2022-04-24T10:49:37.043Z", "user": 3, "content_type": 51, "object_id": "2", "object_repr": "<Profile>: for elfzweik", "action_flag": 2, "change_message": "[{\"changed\": {\"fields\": [\"Avatar\"]}}]"}}, {"model": "admin.logentry", "pk": 8, "fields": {"action_time": "2022-04-24T10:52:08.500Z", "user": 3, "content_type": 51, "object_id": "2", "object_repr": "<Profile>: for elfzweik", "action_flag": 2, "change_message": "[{\"changed\": {\"fields\": [\"Avatar\"]}}]"}}, {"model": "auth.permission", "pk": 1, "fields": {"name": "Can add image", "content_type": 2, "codename": "add_image"}}, {"model": "auth.permission", "pk": 2, "fields": {"name": "Can change image", "content_type": 2, "codename": "change_image"}}, {"model": "auth.permission", "pk": 3, "fields": {"name": "Can delete image", "content_type": 2, "codename": "delete_image"}}, {"model": "auth.permission", "pk": 4, "fields": {"name": "Can choose image", "content_type": 2, "codename": "choose_image"}}, {"model": "auth.permission", "pk": 5, "fields": {"name": "Can access Wagtail admin", "content_type": 5, "codename": "access_admin"}}, {"model": "auth.permission", "pk": 6, "fields": {"name": "Can add document", "content_type": 6, "codename": "add_document"}}, {"model": "auth.permission", "pk": 7, "fields": {"name": "Can change document", "content_type": 6, "codename": "change_document"}}, {"model": "auth.permission", "pk": 8, "fields": {"name": "Can delete document", "content_type": 6, "codename": "delete_document"}}, {"model": "auth.permission", "pk": 9, "fields": {"name": "Can choose document", "content_type": 6, "codename": "choose_document"}}, {"model": "auth.permission", "pk": 10, "fields": {"name": "Can add Home Page", "content_type": 4, "codename": "add_homepage"}}, {"model": "auth.permission", "pk": 11, "fields": {"name": "Can change Home Page", "content_type": 4, "codename": "change_homepage"}}, {"model": "auth.permission", "pk": 12, "fields": {"name": "Can delete Home Page", "content_type": 4, "codename": "delete_homepage"}}, {"model": "auth.permission", "pk": 13, "fields": {"name": "Can view Home Page", "content_type": 4, "codename": "view_homepage"}}, {"model": "auth.permission", "pk": 14, "fields": {"name": "Can add Flex Page", "content_type": 7, "codename": "add_flexpage"}}, {"model": "auth.permission", "pk": 15, "fields": {"name": "Can change Flex Page", "content_type": 7, "codename": "change_flexpage"}}, {"model": "auth.permission", "pk": 16, "fields": {"name": "Can delete Flex Page", "content_type": 7, "codename": "delete_flexpage"}}, {"model": "auth.permission", "pk": 17, "fields": {"name": "Can view Flex Page", "content_type": 7, "codename": "view_flexpage"}}, {"model": "auth.permission", "pk": 18, "fields": {"name": "Can add blog listing page", "content_type": 8, "codename": "add_bloglistingpage"}}, {"model": "auth.permission", "pk": 19, "fields": {"name": "Can change blog listing page", "content_type": 8, "codename": "change_bloglistingpage"}}, {"model": "auth.permission", "pk": 20, "fields": {"name": "Can delete blog listing page", "content_type": 8, "codename": "delete_bloglistingpage"}}, {"model": "auth.permission", "pk": 21, "fields": {"name": "Can view blog listing page", "content_type": 8, "codename": "view_bloglistingpage"}}, {"model": "auth.permission", "pk": 22, "fields": {"name": "Can add blog detail page", "content_type": 9, "codename": "add_blogdetailpage"}}, {"model": "auth.permission", "pk": 23, "fields": {"name": "Can change blog detail page", "content_type": 9, "codename": "change_blogdetailpage"}}, {"model": "auth.permission", "pk": 24, "fields": {"name": "Can delete blog detail page", "content_type": 9, "codename": "delete_blogdetailpage"}}, {"model": "auth.permission", "pk": 25, "fields": {"name": "Can view blog detail page", "content_type": 9, "codename": "view_blogdetailpage"}}, {"model": "auth.permission", "pk": 26, "fields": {"name": "Can add blog page tag", "content_type": 10, "codename": "add_blogpagetag"}}, {"model": "auth.permission", "pk": 27, "fields": {"name": "Can change blog page tag", "content_type": 10, "codename": "change_blogpagetag"}}, {"model": "auth.permission", "pk": 28, "fields": {"name": "Can delete blog page tag", "content_type": 10, "codename": "delete_blogpagetag"}}, {"model": "auth.permission", "pk": 29, "fields": {"name": "Can view blog page tag", "content_type": 10, "codename": "view_blogpagetag"}}, {"model": "auth.permission", "pk": 30, "fields": {"name": "Can add blog tag index page", "content_type": 11, "codename": "add_blogtagindexpage"}}, {"model": "auth.permission", "pk": 31, "fields": {"name": "Can change blog tag index page", "content_type": 11, "codename": "change_blogtagindexpage"}}, {"model": "auth.permission", "pk": 32, "fields": {"name": "Can delete blog tag index page", "content_type": 11, "codename": "delete_blogtagindexpage"}}, {"model": "auth.permission", "pk": 33, "fields": {"name": "Can view blog tag index page", "content_type": 11, "codename": "view_blogtagindexpage"}}, {"model": "auth.permission", "pk": 34, "fields": {"name": "Can add blog page gallery image", "content_type": 12, "codename": "add_blogpagegalleryimage"}}, {"model": "auth.permission", "pk": 35, "fields": {"name": "Can change blog page gallery image", "content_type": 12, "codename": "change_blogpagegalleryimage"}}, {"model": "auth.permission", "pk": 36, "fields": {"name": "Can delete blog page gallery image", "content_type": 12, "codename": "delete_blogpagegalleryimage"}}, {"model": "auth.permission", "pk": 37, "fields": {"name": "Can view blog page gallery image", "content_type": 12, "codename": "view_blogpagegalleryimage"}}, {"model": "auth.permission", "pk": 38, "fields": {"name": "Can add form submission", "content_type": 13, "codename": "add_formsubmission"}}, {"model": "auth.permission", "pk": 39, "fields": {"name": "Can change form submission", "content_type": 13, "codename": "change_formsubmission"}}, {"model": "auth.permission", "pk": 40, "fields": {"name": "Can delete form submission", "content_type": 13, "codename": "delete_formsubmission"}}, {"model": "auth.permission", "pk": 41, "fields": {"name": "Can view form submission", "content_type": 13, "codename": "view_formsubmission"}}, {"model": "auth.permission", "pk": 42, "fields": {"name": "Can add redirect", "content_type": 14, "codename": "add_redirect"}}, {"model": "auth.permission", "pk": 43, "fields": {"name": "Can change redirect", "content_type": 14, "codename": "change_redirect"}}, {"model": "auth.permission", "pk": 44, "fields": {"name": "Can delete redirect", "content_type": 14, "codename": "delete_redirect"}}, {"model": "auth.permission", "pk": 45, "fields": {"name": "Can view redirect", "content_type": 14, "codename": "view_redirect"}}, {"model": "auth.permission", "pk": 46, "fields": {"name": "Can add embed", "content_type": 15, "codename": "add_embed"}}, {"model": "auth.permission", "pk": 47, "fields": {"name": "Can change embed", "content_type": 15, "codename": "change_embed"}}, {"model": "auth.permission", "pk": 48, "fields": {"name": "Can delete embed", "content_type": 15, "codename": "delete_embed"}}, {"model": "auth.permission", "pk": 49, "fields": {"name": "Can view embed", "content_type": 15, "codename": "view_embed"}}, {"model": "auth.permission", "pk": 50, "fields": {"name": "Can add user profile", "content_type": 16, "codename": "add_userprofile"}}, {"model": "auth.permission", "pk": 51, "fields": {"name": "Can change user profile", "content_type": 16, "codename": "change_userprofile"}}, {"model": "auth.permission", "pk": 52, "fields": {"name": "Can delete user profile", "content_type": 16, "codename": "delete_userprofile"}}, {"model": "auth.permission", "pk": 53, "fields": {"name": "Can view user profile", "content_type": 16, "codename": "view_userprofile"}}, {"model": "auth.permission", "pk": 54, "fields": {"name": "Can view document", "content_type": 6, "codename": "view_document"}}, {"model": "auth.permission", "pk": 55, "fields": {"name": "Can add uploaded document", "content_type": 17, "codename": "add_uploadeddocument"}}, {"model": "auth.permission", "pk": 56, "fields": {"name": "Can change uploaded document", "content_type": 17, "codename": "change_uploadeddocument"}}, {"model": "auth.permission", "pk": 57, "fields": {"name": "Can delete uploaded document", "content_type": 17, "codename": "delete_uploadeddocument"}}, {"model": "auth.permission", "pk": 58, "fields": {"name": "Can view uploaded document", "content_type": 17, "codename": "view_uploadeddocument"}}, {"model": "auth.permission", "pk": 59, "fields": {"name": "Can view image", "content_type": 2, "codename": "view_image"}}, {"model": "auth.permission", "pk": 60, "fields": {"name": "Can add rendition", "content_type": 18, "codename": "add_rendition"}}, {"model": "auth.permission", "pk": 61, "fields": {"name": "Can change rendition", "content_type": 18, "codename": "change_rendition"}}, {"model": "auth.permission", "pk": 62, "fields": {"name": "Can delete rendition", "content_type": 18, "codename": "delete_rendition"}}, {"model": "auth.permission", "pk": 63, "fields": {"name": "Can view rendition", "content_type": 18, "codename": "view_rendition"}}, {"model": "auth.permission", "pk": 64, "fields": {"name": "Can add uploaded image", "content_type": 19, "codename": "add_uploadedimage"}}, {"model": "auth.permission", "pk": 65, "fields": {"name": "Can change uploaded image", "content_type": 19, "codename": "change_uploadedimage"}}, {"model": "auth.permission", "pk": 66, "fields": {"name": "Can delete uploaded image", "content_type": 19, "codename": "delete_uploadedimage"}}, {"model": "auth.permission", "pk": 67, "fields": {"name": "Can view uploaded image", "content_type": 19, "codename": "view_uploadedimage"}}, {"model": "auth.permission", "pk": 68, "fields": {"name": "Can add query", "content_type": 20, "codename": "add_query"}}, {"model": "auth.permission", "pk": 69, "fields": {"name": "Can change query", "content_type": 20, "codename": "change_query"}}, {"model": "auth.permission", "pk": 70, "fields": {"name": "Can delete query", "content_type": 20, "codename": "delete_query"}}, {"model": "auth.permission", "pk": 71, "fields": {"name": "Can view query", "content_type": 20, "codename": "view_query"}}, {"model": "auth.permission", "pk": 72, "fields": {"name": "Can add Query Daily Hits", "content_type": 21, "codename": "add_querydailyhits"}}, {"model": "auth.permission", "pk": 73, "fields": {"name": "Can change Query Daily Hits", "content_type": 21, "codename": "change_querydailyhits"}}, {"model": "auth.permission", "pk": 74, "fields": {"name": "Can delete Query Daily Hits", "content_type": 21, "codename": "delete_querydailyhits"}}, {"model": "auth.permission", "pk": 75, "fields": {"name": "Can view Query Daily Hits", "content_type": 21, "codename": "view_querydailyhits"}}, {"model": "auth.permission", "pk": 76, "fields": {"name": "Can add index entry", "content_type": 22, "codename": "add_indexentry"}}, {"model": "auth.permission", "pk": 77, "fields": {"name": "Can change index entry", "content_type": 22, "codename": "change_indexentry"}}, {"model": "auth.permission", "pk": 78, "fields": {"name": "Can delete index entry", "content_type": 22, "codename": "delete_indexentry"}}, {"model": "auth.permission", "pk": 79, "fields": {"name": "Can view index entry", "content_type": 22, "codename": "view_indexentry"}}, {"model": "auth.permission", "pk": 80, "fields": {"name": "Can add sqliteftsindexentry", "content_type": 23, "codename": "add_sqliteftsindexentry"}}, {"model": "auth.permission", "pk": 81, "fields": {"name": "Can change sqliteftsindexentry", "content_type": 23, "codename": "change_sqliteftsindexentry"}}, {"model": "auth.permission", "pk": 82, "fields": {"name": "Can delete sqliteftsindexentry", "content_type": 23, "codename": "delete_sqliteftsindexentry"}}, {"model": "auth.permission", "pk": 83, "fields": {"name": "Can view sqliteftsindexentry", "content_type": 23, "codename": "view_sqliteftsindexentry"}}, {"model": "auth.permission", "pk": 84, "fields": {"name": "Can add page", "content_type": 1, "codename": "add_page"}}, {"model": "auth.permission", "pk": 85, "fields": {"name": "Can change page", "content_type": 1, "codename": "change_page"}}, {"model": "auth.permission", "pk": 86, "fields": {"name": "Can delete page", "content_type": 1, "codename": "delete_page"}}, {"model": "auth.permission", "pk": 87, "fields": {"name": "Can view page", "content_type": 1, "codename": "view_page"}}, {"model": "auth.permission", "pk": 88, "fields": {"name": "Can add group page permission", "content_type": 24, "codename": "add_grouppagepermission"}}, {"model": "auth.permission", "pk": 89, "fields": {"name": "Can change group page permission", "content_type": 24, "codename": "change_grouppagepermission"}}, {"model": "auth.permission", "pk": 90, "fields": {"name": "Can delete group page permission", "content_type": 24, "codename": "delete_grouppagepermission"}}, {"model": "auth.permission", "pk": 91, "fields": {"name": "Can view group page permission", "content_type": 24, "codename": "view_grouppagepermission"}}, {"model": "auth.permission", "pk": 92, "fields": {"name": "Can add page revision", "content_type": 25, "codename": "add_pagerevision"}}, {"model": "auth.permission", "pk": 93, "fields": {"name": "Can change page revision", "content_type": 25, "codename": "change_pagerevision"}}, {"model": "auth.permission", "pk": 94, "fields": {"name": "Can delete page revision", "content_type": 25, "codename": "delete_pagerevision"}}, {"model": "auth.permission", "pk": 95, "fields": {"name": "Can view page revision", "content_type": 25, "codename": "view_pagerevision"}}, {"model": "auth.permission", "pk": 96, "fields": {"name": "Can add page view restriction", "content_type": 26, "codename": "add_pageviewrestriction"}}, {"model": "auth.permission", "pk": 97, "fields": {"name": "Can change page view restriction", "content_type": 26, "codename": "change_pageviewrestriction"}}, {"model": "auth.permission", "pk": 98, "fields": {"name": "Can delete page view restriction", "content_type": 26, "codename": "delete_pageviewrestriction"}}, {"model": "auth.permission", "pk": 99, "fields": {"name": "Can view page view restriction", "content_type": 26, "codename": "view_pageviewrestriction"}}, {"model": "auth.permission", "pk": 100, "fields": {"name": "Can add site", "content_type": 27, "codename": "add_site"}}, {"model": "auth.permission", "pk": 101, "fields": {"name": "Can change site", "content_type": 27, "codename": "change_site"}}, {"model": "auth.permission", "pk": 102, "fields": {"name": "Can delete site", "content_type": 27, "codename": "delete_site"}}, {"model": "auth.permission", "pk": 103, "fields": {"name": "Can view site", "content_type": 27, "codename": "view_site"}}, {"model": "auth.permission", "pk": 104, "fields": {"name": "Can add collection", "content_type": 28, "codename": "add_collection"}}, {"model": "auth.permission", "pk": 105, "fields": {"name": "Can change collection", "content_type": 28, "codename": "change_collection"}}, {"model": "auth.permission", "pk": 106, "fields": {"name": "Can delete collection", "content_type": 28, "codename": "delete_collection"}}, {"model": "auth.permission", "pk": 107, "fields": {"name": "Can view collection", "content_type": 28, "codename": "view_collection"}}, {"model": "auth.permission", "pk": 108, "fields": {"name": "Can add group collection permission", "content_type": 29, "codename": "add_groupcollectionpermission"}}, {"model": "auth.permission", "pk": 109, "fields": {"name": "Can change group collection permission", "content_type": 29, "codename": "change_groupcollectionpermission"}}, {"model": "auth.permission", "pk": 110, "fields": {"name": "Can delete group collection permission", "content_type": 29, "codename": "delete_groupcollectionpermission"}}, {"model": "auth.permission", "pk": 111, "fields": {"name": "Can view group collection permission", "content_type": 29, "codename": "view_groupcollectionpermission"}}, {"model": "auth.permission", "pk": 112, "fields": {"name": "Can add collection view restriction", "content_type": 30, "codename": "add_collectionviewrestriction"}}, {"model": "auth.permission", "pk": 113, "fields": {"name": "Can change collection view restriction", "content_type": 30, "codename": "change_collectionviewrestriction"}}, {"model": "auth.permission", "pk": 114, "fields": {"name": "Can delete collection view restriction", "content_type": 30, "codename": "delete_collectionviewrestriction"}}, {"model": "auth.permission", "pk": 115, "fields": {"name": "Can view collection view restriction", "content_type": 30, "codename": "view_collectionviewrestriction"}}, {"model": "auth.permission", "pk": 116, "fields": {"name": "Can add task", "content_type": 31, "codename": "add_task"}}, {"model": "auth.permission", "pk": 117, "fields": {"name": "Can change task", "content_type": 31, "codename": "change_task"}}, {"model": "auth.permission", "pk": 118, "fields": {"name": "Can delete task", "content_type": 31, "codename": "delete_task"}}, {"model": "auth.permission", "pk": 119, "fields": {"name": "Can view task", "content_type": 31, "codename": "view_task"}}, {"model": "auth.permission", "pk": 120, "fields": {"name": "Can add Task state", "content_type": 32, "codename": "add_taskstate"}}, {"model": "auth.permission", "pk": 121, "fields": {"name": "Can change Task state", "content_type": 32, "codename": "change_taskstate"}}, {"model": "auth.permission", "pk": 122, "fields": {"name": "Can delete Task state", "content_type": 32, "codename": "delete_taskstate"}}, {"model": "auth.permission", "pk": 123, "fields": {"name": "Can view Task state", "content_type": 32, "codename": "view_taskstate"}}, {"model": "auth.permission", "pk": 124, "fields": {"name": "Can add workflow", "content_type": 33, "codename": "add_workflow"}}, {"model": "auth.permission", "pk": 125, "fields": {"name": "Can change workflow", "content_type": 33, "codename": "change_workflow"}}, {"model": "auth.permission", "pk": 126, "fields": {"name": "Can delete workflow", "content_type": 33, "codename": "delete_workflow"}}, {"model": "auth.permission", "pk": 127, "fields": {"name": "Can view workflow", "content_type": 33, "codename": "view_workflow"}}, {"model": "auth.permission", "pk": 128, "fields": {"name": "Can add Group approval task", "content_type": 3, "codename": "add_groupapprovaltask"}}, {"model": "auth.permission", "pk": 129, "fields": {"name": "Can change Group approval task", "content_type": 3, "codename": "change_groupapprovaltask"}}, {"model": "auth.permission", "pk": 130, "fields": {"name": "Can delete Group approval task", "content_type": 3, "codename": "delete_groupapprovaltask"}}, {"model": "auth.permission", "pk": 131, "fields": {"name": "Can view Group approval task", "content_type": 3, "codename": "view_groupapprovaltask"}}, {"model": "auth.permission", "pk": 132, "fields": {"name": "Can add Workflow state", "content_type": 34, "codename": "add_workflowstate"}}, {"model": "auth.permission", "pk": 133, "fields": {"name": "Can change Workflow state", "content_type": 34, "codename": "change_workflowstate"}}, {"model": "auth.permission", "pk": 134, "fields": {"name": "Can delete Workflow state", "content_type": 34, "codename": "delete_workflowstate"}}, {"model": "auth.permission", "pk": 135, "fields": {"name": "Can view Workflow state", "content_type": 34, "codename": "view_workflowstate"}}, {"model": "auth.permission", "pk": 136, "fields": {"name": "Can add workflow page", "content_type": 35, "codename": "add_workflowpage"}}, {"model": "auth.permission", "pk": 137, "fields": {"name": "Can change workflow page", "content_type": 35, "codename": "change_workflowpage"}}, {"model": "auth.permission", "pk": 138, "fields": {"name": "Can delete workflow page", "content_type": 35, "codename": "delete_workflowpage"}}, {"model": "auth.permission", "pk": 139, "fields": {"name": "Can view workflow page", "content_type": 35, "codename": "view_workflowpage"}}, {"model": "auth.permission", "pk": 140, "fields": {"name": "Can add workflow task order", "content_type": 36, "codename": "add_workflowtask"}}, {"model": "auth.permission", "pk": 141, "fields": {"name": "Can change workflow task order", "content_type": 36, "codename": "change_workflowtask"}}, {"model": "auth.permission", "pk": 142, "fields": {"name": "Can delete workflow task order", "content_type": 36, "codename": "delete_workflowtask"}}, {"model": "auth.permission", "pk": 143, "fields": {"name": "Can view workflow task order", "content_type": 36, "codename": "view_workflowtask"}}, {"model": "auth.permission", "pk": 144, "fields": {"name": "Can add page log entry", "content_type": 37, "codename": "add_pagelogentry"}}, {"model": "auth.permission", "pk": 145, "fields": {"name": "Can change page log entry", "content_type": 37, "codename": "change_pagelogentry"}}, {"model": "auth.permission", "pk": 146, "fields": {"name": "Can delete page log entry", "content_type": 37, "codename": "delete_pagelogentry"}}, {"model": "auth.permission", "pk": 147, "fields": {"name": "Can view page log entry", "content_type": 37, "codename": "view_pagelogentry"}}, {"model": "auth.permission", "pk": 148, "fields": {"name": "Can add locale", "content_type": 38, "codename": "add_locale"}}, {"model": "auth.permission", "pk": 149, "fields": {"name": "Can change locale", "content_type": 38, "codename": "change_locale"}}, {"model": "auth.permission", "pk": 150, "fields": {"name": "Can delete locale", "content_type": 38, "codename": "delete_locale"}}, {"model": "auth.permission", "pk": 151, "fields": {"name": "Can view locale", "content_type": 38, "codename": "view_locale"}}, {"model": "auth.permission", "pk": 152, "fields": {"name": "Can add comment", "content_type": 39, "codename": "add_comment"}}, {"model": "auth.permission", "pk": 153, "fields": {"name": "Can change comment", "content_type": 39, "codename": "change_comment"}}, {"model": "auth.permission", "pk": 154, "fields": {"name": "Can delete comment", "content_type": 39, "codename": "delete_comment"}}, {"model": "auth.permission", "pk": 155, "fields": {"name": "Can view comment", "content_type": 39, "codename": "view_comment"}}, {"model": "auth.permission", "pk": 156, "fields": {"name": "Can add comment reply", "content_type": 40, "codename": "add_commentreply"}}, {"model": "auth.permission", "pk": 157, "fields": {"name": "Can change comment reply", "content_type": 40, "codename": "change_commentreply"}}, {"model": "auth.permission", "pk": 158, "fields": {"name": "Can delete comment reply", "content_type": 40, "codename": "delete_commentreply"}}, {"model": "auth.permission", "pk": 159, "fields": {"name": "Can view comment reply", "content_type": 40, "codename": "view_commentreply"}}, {"model": "auth.permission", "pk": 160, "fields": {"name": "Can add page subscription", "content_type": 41, "codename": "add_pagesubscription"}}, {"model": "auth.permission", "pk": 161, "fields": {"name": "Can change page subscription", "content_type": 41, "codename": "change_pagesubscription"}}, {"model": "auth.permission", "pk": 162, "fields": {"name": "Can delete page subscription", "content_type": 41, "codename": "delete_pagesubscription"}}, {"model": "auth.permission", "pk": 163, "fields": {"name": "Can view page subscription", "content_type": 41, "codename": "view_pagesubscription"}}, {"model": "auth.permission", "pk": 164, "fields": {"name": "Can add model log entry", "content_type": 42, "codename": "add_modellogentry"}}, {"model": "auth.permission", "pk": 165, "fields": {"name": "Can change model log entry", "content_type": 42, "codename": "change_modellogentry"}}, {"model": "auth.permission", "pk": 166, "fields": {"name": "Can delete model log entry", "content_type": 42, "codename": "delete_modellogentry"}}, {"model": "auth.permission", "pk": 167, "fields": {"name": "Can view model log entry", "content_type": 42, "codename": "view_modellogentry"}}, {"model": "auth.permission", "pk": 168, "fields": {"name": "Can add tag", "content_type": 43, "codename": "add_tag"}}, {"model": "auth.permission", "pk": 169, "fields": {"name": "Can change tag", "content_type": 43, "codename": "change_tag"}}, {"model": "auth.permission", "pk": 170, "fields": {"name": "Can delete tag", "content_type": 43, "codename": "delete_tag"}}, {"model": "auth.permission", "pk": 171, "fields": {"name": "Can view tag", "content_type": 43, "codename": "view_tag"}}, {"model": "auth.permission", "pk": 172, "fields": {"name": "Can add tagged item", "content_type": 44, "codename": "add_taggeditem"}}, {"model": "auth.permission", "pk": 173, "fields": {"name": "Can change tagged item", "content_type": 44, "codename": "change_taggeditem"}}, {"model": "auth.permission", "pk": 174, "fields": {"name": "Can delete tagged item", "content_type": 44, "codename": "delete_taggeditem"}}, {"model": "auth.permission", "pk": 175, "fields": {"name": "Can view tagged item", "content_type": 44, "codename": "view_taggeditem"}}, {"model": "auth.permission", "pk": 176, "fields": {"name": "Can add log entry", "content_type": 45, "codename": "add_logentry"}}, {"model": "auth.permission", "pk": 177, "fields": {"name": "Can change log entry", "content_type": 45, "codename": "change_logentry"}}, {"model": "auth.permission", "pk": 178, "fields": {"name": "Can delete log entry", "content_type": 45, "codename": "delete_logentry"}}, {"model": "auth.permission", "pk": 179, "fields": {"name": "Can view log entry", "content_type": 45, "codename": "view_logentry"}}, {"model": "auth.permission", "pk": 180, "fields": {"name": "Can add permission", "content_type": 46, "codename": "add_permission"}}, {"model": "auth.permission", "pk": 181, "fields": {"name": "Can change permission", "content_type": 46, "codename": "change_permission"}}, {"model": "auth.permission", "pk": 182, "fields": {"name": "Can delete permission", "content_type": 46, "codename": "delete_permission"}}, {"model": "auth.permission", "pk": 183, "fields": {"name": "Can view permission", "content_type": 46, "codename": "view_permission"}}, {"model": "auth.permission", "pk": 184, "fields": {"name": "Can add group", "content_type": 47, "codename": "add_group"}}, {"model": "auth.permission", "pk": 185, "fields": {"name": "Can change group", "content_type": 47, "codename": "change_group"}}, {"model": "auth.permission", "pk": 186, "fields": {"name": "Can delete group", "content_type": 47, "codename": "delete_group"}}, {"model": "auth.permission", "pk": 187, "fields": {"name": "Can view group", "content_type": 47, "codename": "view_group"}}, {"model": "auth.permission", "pk": 188, "fields": {"name": "Can add user", "content_type": 48, "codename": "add_user"}}, {"model": "auth.permission", "pk": 189, "fields": {"name": "Can change user", "content_type": 48, "codename": "change_user"}}, {"model": "auth.permission", "pk": 190, "fields": {"name": "Can delete user", "content_type": 48, "codename": "delete_user"}}, {"model": "auth.permission", "pk": 191, "fields": {"name": "Can view user", "content_type": 48, "codename": "view_user"}}, {"model": "auth.permission", "pk": 192, "fields": {"name": "Can add content type", "content_type": 49, "codename": "add_contenttype"}}, {"model": "auth.permission", "pk": 193, "fields": {"name": "Can change content type", "content_type": 49, "codename": "change_contenttype"}}, {"model": "auth.permission", "pk": 194, "fields": {"name": "Can delete content type", "content_type": 49, "codename": "delete_contenttype"}}, {"model": "auth.permission", "pk": 195, "fields": {"name": "Can view content type", "content_type": 49, "codename": "view_contenttype"}}, {"model": "auth.permission", "pk": 196, "fields": {"name": "Can add session", "content_type": 50, "codename": "add_session"}}, {"model": "auth.permission", "pk": 197, "fields": {"name": "Can change session", "content_type": 50, "codename": "change_session"}}, {"model": "auth.permission", "pk": 198, "fields": {"name": "Can delete session", "content_type": 50, "codename": "delete_session"}}, {"model": "auth.permission", "pk": 199, "fields": {"name": "Can view session", "content_type": 50, "codename": "view_session"}}, {"model": "auth.permission", "pk": 200, "fields": {"name": "Can add profile", "content_type": 51, "codename": "add_profile"}}, {"model": "auth.permission", "pk": 201, "fields": {"name": "Can change profile", "content_type": 51, "codename": "change_profile"}}, {"model": "auth.permission", "pk": 202, "fields": {"name": "Can delete profile", "content_type": 51, "codename": "delete_profile"}}, {"model": "auth.permission", "pk": 203, "fields": {"name": "Can view profile", "content_type": 51, "codename": "view_profile"}}, {"model": "auth.permission", "pk": 204, "fields": {"name": "Can add comment", "content_type": 52, "codename": "add_comment"}}, {"model": "auth.permission", "pk": 205, "fields": {"name": "Can change comment", "content_type": 52, "codename": "change_comment"}}, {"model": "auth.permission", "pk": 206, "fields": {"name": "Can delete comment", "content_type": 52, "codename": "delete_comment"}}, {"model": "auth.permission", "pk": 207, "fields": {"name": "Can view comment", "content_type": 52, "codename": "view_comment"}}, {"model": "auth.permission", "pk": 208, "fields": {"name": "Can add notification", "content_type": 53, "codename": "add_notification"}}, {"model": "auth.permission", "pk": 209, "fields": {"name": "Can change notification", "content_type": 53, "codename": "change_notification"}}, {"model": "auth.permission", "pk": 210, "fields": {"name": "Can delete notification", "content_type": 53, "codename": "delete_notification"}}, {"model": "auth.permission", "pk": 211, "fields": {"name": "Can view notification", "content_type": 53, "codename": "view_notification"}}, {"model": "auth.permission", "pk": 212, "fields": {"name": "Can add like record", "content_type": 54, "codename": "add_likerecord"}}, {"model": "auth.permission", "pk": 213, "fields": {"name": "Can change like record", "content_type": 54, "codename": "change_likerecord"}}, {"model": "auth.permission", "pk": 214, "fields": {"name": "Can delete like record", "content_type": 54, "codename": "delete_likerecord"}}, {"model": "auth.permission", "pk": 215, "fields": {"name": "Can view like record", "content_type": 54, "codename": "view_likerecord"}}, {"model": "auth.permission", "pk": 216, "fields": {"name": "Can add like count", "content_type": 55, "codename": "add_likecount"}}, {"model": "auth.permission", "pk": 217, "fields": {"name": "Can change like count", "content_type": 55, "codename": "change_likecount"}}, {"model": "auth.permission", "pk": 218, "fields": {"name": "Can delete like count", "content_type": 55, "codename": "delete_likecount"}}, {"model": "auth.permission", "pk": 219, "fields": {"name": "Can view like count", "content_type": 55, "codename": "view_likecount"}}, {"model": "auth.permission", "pk": 220, "fields": {"name": "Can add my comment", "content_type": 52, "codename": "add_mycomment"}}, {"model": "auth.permission", "pk": 221, "fields": {"name": "Can change my comment", "content_type": 52, "codename": "change_mycomment"}}, {"model": "auth.permission", "pk": 222, "fields": {"name": "Can delete my comment", "content_type": 52, "codename": "delete_mycomment"}}, {"model": "auth.permission", "pk": 223, "fields": {"name": "Can view my comment", "content_type": 52, "codename": "view_mycomment"}}, {"model": "auth.group", "pk": 1, "fields": {"name": "Moderators", "permissions": [5, 6, 7, 9, 8, 1, 2, 3]}}, {"model": "auth.group", "pk": 2, "fields": {"name": "Editors", "permissions": [5, 6, 7, 9, 8, 1, 2, 3]}}, {"model": "auth.user", "pk": 1, "fields": {"password": "pbkdf2_sha256$260000$ygxVba4FiVFOUTZKg3H8jt$kAi+lPFetREUaxCqF5VyDI0bvljopSFm0oCTJRpUmX4=", "last_login": null, "is_superuser": true, "username": "elf", "first_name": "", "last_name": "", "email": "", "is_staff": true, "is_active": true, "date_joined": "2022-04-20T03:53:06.942Z", "groups": [], "user_permissions": []}}, {"model": "auth.user", "pk": 2, "fields": {"password": "pbkdf2_sha256$260000$M581Aqj2uQYkpWA4twJRrH$GaQUzIs3sjsg3bCnaqTrJjChvEVdNw4gF1ZXRfechD4=", "last_login": null, "is_superuser": true, "username": "wzx", "first_name": "", "last_name": "", "email": "", "is_staff": true, "is_active": true, "date_joined": "2022-04-20T03:54:12.934Z", "groups": [], "user_permissions": []}}, {"model": "auth.user", "pk": 3, "fields": {"password": "pbkdf2_sha256$260000$jIMq06vc4IIm4LUkTEmKFo$FQ5VNtRtMdocNMugLsViQ8OkVsCoauuff52HrQW+c8U=", "last_login": "2022-05-02T03:49:30.118Z", "is_superuser": true, "username": "elfzweik", "first_name": "Elf", "last_name": "Zweik", "email": "1@qq.com", "is_staff": true, "is_active": true, "date_joined": "2022-04-20T03:59:14.322Z", "groups": [], "user_permissions": []}}, {"model": "auth.user", "pk": 9, "fields": {"password": "pbkdf2_sha256$260000$QUpbISLArAdyOYzo6qYGSI$f9jhapnPeEemSJuyznRN0OZOIXTjMPAqJVX8bIWrRng=", "last_login": "2022-05-03T07:48:20.833Z", "is_superuser": false, "username": "zhangwuji", "first_name": "张", "last_name": "无忌", "email": "1@qq.com", "is_staff": false, "is_active": true, "date_joined": "2022-04-21T18:35:51.202Z", "groups": [1, 2], "user_permissions": []}}, {"model": "auth.user", "pk": 10, "fields": {"password": "pbkdf2_sha256$260000$m9z0zD7F3nXksJ3iRkfrK7$5JLVRj42WlkHKtU1DGAF+HK5lN873qbm+FS/PlpsacI=", "last_login": "2022-04-22T10:18:12.361Z", "is_superuser": false, "username": "zhangsanfeng", "first_name": "", "last_name": "", "email": "2@qq.com", "is_staff": false, "is_active": true, "date_joined": "2022-04-22T07:54:57.888Z", "groups": [], "user_permissions": []}}, {"model": "auth.user", "pk": 11, "fields": {"password": "pbkdf2_sha256$260000$N9G4gs7bPYlzZH5YWuFuKP$jBTAWtTD8pkN3WKdK8mVT8fFNymmEZHb7ZlQFZ2UUys=", "last_login": null, "is_superuser": false, "username": "zhaomin", "first_name": "min", "last_name": "zhao", "email": "3@qq.com", "is_staff": false, "is_active": true, "date_joined": "2022-04-23T10:17:01.500Z", "groups": [], "user_permissions": []}}, {"model": "auth.user", "pk": 12, "fields": {"password": "pbkdf2_sha256$260000$TKXAYBO1Ni1VgJZ3tZ0YpE$qxNnHZLTF9KX9xOPBIMI+E2XjnQy1LSnoJuxhgXeqHg=", "last_login": "2022-04-23T20:58:37.401Z", "is_superuser": false, "username": "zzr", "first_name": "ziruo", "last_name": "zhou", "email": "5@qq.com", "is_staff": false, "is_active": true, "date_joined": "2022-04-23T20:11:17.492Z", "groups": [], "user_permissions": []}}, {"model": "auth.user", "pk": 13, "fields": {"password": "pbkdf2_sha256$260000$QA1SPAQq6lGsATaqqwSZ0F$uITaas9Y/vYRsFaxLWiharOHk022PlyCYCf08Q69BNI=", "last_login": "2022-04-24T04:25:01.551Z", "is_superuser": false, "username": "zcs", "first_name": "cuishan", "last_name": "zhang", "email": "6@qq.com", "is_staff": false, "is_active": true, "date_joined": "2022-04-24T04:25:01.258Z", "groups": [], "user_permissions": []}}, {"model": "auth.user", "pk": 14, "fields": {"password": "pbkdf2_sha256$260000$02pLm0TCKm8APC44uEKENO$Lp1y3t5wS+e48uUds5nOLt8xZvEAE22QxTDFBwgySqw=", "last_login": "2022-04-29T21:08:44.291Z", "is_superuser": false, "username": "xiexun", "first_name": "xun", "last_name": "xie", "email": "", "is_staff": false, "is_active": true, "date_joined": "2022-04-24T04:37:58.467Z", "groups": [], "user_permissions": []}}, {"model": "auth.user", "pk": 15, "fields": {"password": "pbkdf2_sha256$260000$cpIaUo5q1BIidNhgcUA2H9$CFNgeBr0egWDynOLLbV/UpIeJV0JKyq5n1/PLkLhNyo=", "last_login": "2022-04-24T12:07:05.003Z", "is_superuser": false, "username": "yss", "first_name": "shushu", "last_name": "yin", "email": "", "is_staff": false, "is_active": true, "date_joined": "2022-04-24T04:43:12.713Z", "groups": [], "user_permissions": []}}, {"model": "auth.user", "pk": 16, "fields": {"password": "pbkdf2_sha256$260000$Sh0GKBXGEbgZ4uYVHAP1RW$zazUbEdSk9yKqNgrsE9TEKEUSOX5eKMEFep1dKb67VU=", "last_login": "2022-04-24T04:45:55.437Z", "is_superuser": false, "username": "xiaozhao", "first_name": "", "last_name": "", "email": "", "is_staff": false, "is_active": true, "date_joined": "2022-04-24T04:45:55.009Z", "groups": [], "user_permissions": []}}, {"model": "auth.user", "pk": 17, "fields": {"password": "pbkdf2_sha256$260000$RuVKtWGfN0eHhELgZHveQt$Ue5xyknU1oQpi8ybgH/xTs5Mxjj5SfKQcxGeGIierBU=", "last_login": "2022-04-24T05:12:01.502Z", "is_superuser": false, "username": "xuda", "first_name": "", "last_name": "", "email": "", "is_staff": false, "is_active": true, "date_joined": "2022-04-24T05:12:01.192Z", "groups": [], "user_permissions": []}}, {"model": "auth.user", "pk": 18, "fields": {"password": "pbkdf2_sha256$260000$fAiY9vnvzfRR9XbQSfZ5iY$6T0rpjszpW6AP7tFrtpNQQ0+EcsKU7/ZVRfTK5Itip8=", "last_login": "2022-04-29T21:19:09.399Z", "is_superuser": false, "username": "zwj", "first_name": "无忌", "last_name": "张", "email": "", "is_staff": false, "is_active": true, "date_joined": "2022-04-25T04:01:27.613Z", "groups": [], "user_permissions": []}}, {"model": "auth.user", "pk": 19, "fields": {"password": "pbkdf2_sha256$260000$PQ8Jxs63KvP50yYmmTS12H$a2SdqQd5iK571vPnIkj2sdFgZG2B0Qn43AnChaNeb3E=", "last_login": "2022-04-27T03:43:20.990Z", "is_superuser": false, "username": "hufei", "first_name": "斐", "last_name": "胡", "email": "", "is_staff": false, "is_active": true, "date_joined": "2022-04-27T03:43:20.622Z", "groups": [], "user_permissions": []}}, {"model": "auth.user", "pk": 20, "fields": {"password": "pbkdf2_sha256$260000$Rs83EEZMlqxplIuRP9mlMM$Lt/siIsyzno1Su+57pYeg18ln4xbhRQsE1K7kfX9oxA=", "last_login": "2022-04-27T03:45:43.453Z", "is_superuser": false, "username": "cls", "first_name": "灵素", "last_name": "程", "email": "", "is_staff": false, "is_active": true, "date_joined": "2022-04-27T03:45:43.051Z", "groups": [], "user_permissions": []}}, {"model": "auth.user", "pk": 21, "fields": {"password": "pbkdf2_sha256$260000$bOI449sKw1NQtYCMObKJsy$/SXIxMd8EfHEvO3powu0iftZ7WPqPSBNp/svUV1eohU=", "last_login": "2022-04-28T23:41:57.571Z", "is_superuser": false, "username": "hyd", "first_name": "一刀", "last_name": "胡", "email": "", "is_staff": false, "is_active": true, "date_joined": "2022-04-28T23:41:57.113Z", "groups": [], "user_permissions": []}}, {"model": "auth.user", "pk": 22, "fields": {"password": "pbkdf2_sha256$260000$8Z0ITWoS0kbcHtEbqOUbPd$BiZHG7sDHbq55qG5yhLSIDmajiBvvqEcvMAX9gGKemE=", "last_login": "2022-04-29T00:23:18.975Z", "is_superuser": false, "username": "mrf", "first_name": "人凤", "last_name": "苗", "email": "", "is_staff": false, "is_active": true, "date_joined": "2022-04-29T00:03:49.192Z", "groups": [], "user_permissions": []}}, {"model": "contenttypes.contenttype", "pk": 1, "fields": {"app_label": "wagtailcore", "model": "page"}}, {"model": "contenttypes.contenttype", "pk": 2, "fields": {"app_label": "wagtailimages", "model": "image"}}, {"model": "contenttypes.contenttype", "pk": 3, "fields": {"app_label": "wagtailcore", "model": "groupapprovaltask"}}, {"model": "contenttypes.contenttype", "pk": 4, "fields": {"app_label": "home", "model": "homepage"}}, {"model": "contenttypes.contenttype", "pk": 5, "fields": {"app_label": "wagtailadmin", "model": "admin"}}, {"model": "contenttypes.contenttype", "pk": 6, "fields": {"app_label": "wagtaildocs", "model": "document"}}, {"model": "contenttypes.contenttype", "pk": 7, "fields": {"app_label": "flex", "model": "flexpage"}}, {"model": "contenttypes.contenttype", "pk": 8, "fields": {"app_label": "blog", "model": "bloglistingpage"}}, {"model": "contenttypes.contenttype", "pk": 9, "fields": {"app_label": "blog", "model": "blogdetailpage"}}, {"model": "contenttypes.contenttype", "pk": 10, "fields": {"app_label": "blog", "model": "blogpagetag"}}, {"model": "contenttypes.contenttype", "pk": 11, "fields": {"app_label": "blog", "model": "blogtagindexpage"}}, {"model": "contenttypes.contenttype", "pk": 12, "fields": {"app_label": "blog", "model": "blogpagegalleryimage"}}, {"model": "contenttypes.contenttype", "pk": 13, "fields": {"app_label": "wagtailforms", "model": "formsubmission"}}, {"model": "contenttypes.contenttype", "pk": 14, "fields": {"app_label": "wagtailredirects", "model": "redirect"}}, {"model": "contenttypes.contenttype", "pk": 15, "fields": {"app_label": "wagtailembeds", "model": "embed"}}, {"model": "contenttypes.contenttype", "pk": 16, "fields": {"app_label": "wagtailusers", "model": "userprofile"}}, {"model": "contenttypes.contenttype", "pk": 17, "fields": {"app_label": "wagtaildocs", "model": "uploadeddocument"}}, {"model": "contenttypes.contenttype", "pk": 18, "fields": {"app_label": "wagtailimages", "model": "rendition"}}, {"model": "contenttypes.contenttype", "pk": 19, "fields": {"app_label": "wagtailimages", "model": "uploadedimage"}}, {"model": "contenttypes.contenttype", "pk": 20, "fields": {"app_label": "wagtailsearch", "model": "query"}}, {"model": "contenttypes.contenttype", "pk": 21, "fields": {"app_label": "wagtailsearch", "model": "querydailyhits"}}, {"model": "contenttypes.contenttype", "pk": 22, "fields": {"app_label": "wagtailsearch", "model": "indexentry"}}, {"model": "contenttypes.contenttype", "pk": 23, "fields": {"app_label": "wagtailsearch", "model": "sqliteftsindexentry"}}, {"model": "contenttypes.contenttype", "pk": 24, "fields": {"app_label": "wagtailcore", "model": "grouppagepermission"}}, {"model": "contenttypes.contenttype", "pk": 25, "fields": {"app_label": "wagtailcore", "model": "pagerevision"}}, {"model": "contenttypes.contenttype", "pk": 26, "fields": {"app_label": "wagtailcore", "model": "pageviewrestriction"}}, {"model": "contenttypes.contenttype", "pk": 27, "fields": {"app_label": "wagtailcore", "model": "site"}}, {"model": "contenttypes.contenttype", "pk": 28, "fields": {"app_label": "wagtailcore", "model": "collection"}}, {"model": "contenttypes.contenttype", "pk": 29, "fields": {"app_label": "wagtailcore", "model": "groupcollectionpermission"}}, {"model": "contenttypes.contenttype", "pk": 30, "fields": {"app_label": "wagtailcore", "model": "collectionviewrestriction"}}, {"model": "contenttypes.contenttype", "pk": 31, "fields": {"app_label": "wagtailcore", "model": "task"}}, {"model": "contenttypes.contenttype", "pk": 32, "fields": {"app_label": "wagtailcore", "model": "taskstate"}}, {"model": "contenttypes.contenttype", "pk": 33, "fields": {"app_label": "wagtailcore", "model": "workflow"}}, {"model": "contenttypes.contenttype", "pk": 34, "fields": {"app_label": "wagtailcore", "model": "workflowstate"}}, {"model": "contenttypes.contenttype", "pk": 35, "fields": {"app_label": "wagtailcore", "model": "workflowpage"}}, {"model": "contenttypes.contenttype", "pk": 36, "fields": {"app_label": "wagtailcore", "model": "workflowtask"}}, {"model": "contenttypes.contenttype", "pk": 37, "fields": {"app_label": "wagtailcore", "model": "pagelogentry"}}, {"model": "contenttypes.contenttype", "pk": 38, "fields": {"app_label": "wagtailcore", "model": "locale"}}, {"model": "contenttypes.contenttype", "pk": 39, "fields": {"app_label": "wagtailcore", "model": "comment"}}, {"model": "contenttypes.contenttype", "pk": 40, "fields": {"app_label": "wagtailcore", "model": "commentreply"}}, {"model": "contenttypes.contenttype", "pk": 41, "fields": {"app_label": "wagtailcore", "model": "pagesubscription"}}, {"model": "contenttypes.contenttype", "pk": 42, "fields": {"app_label": "wagtailcore", "model": "modellogentry"}}, {"model": "contenttypes.contenttype", "pk": 43, "fields": {"app_label": "taggit", "model": "tag"}}, {"model": "contenttypes.contenttype", "pk": 44, "fields": {"app_label": "taggit", "model": "taggeditem"}}, {"model": "contenttypes.contenttype", "pk": 45, "fields": {"app_label": "admin", "model": "logentry"}}, {"model": "contenttypes.contenttype", "pk": 46, "fields": {"app_label": "auth", "model": "permission"}}, {"model": "contenttypes.contenttype", "pk": 47, "fields": {"app_label": "auth", "model": "group"}}, {"model": "contenttypes.contenttype", "pk": 48, "fields": {"app_label": "auth", "model": "user"}}, {"model": "contenttypes.contenttype", "pk": 49, "fields": {"app_label": "contenttypes", "model": "contenttype"}}, {"model": "contenttypes.contenttype", "pk": 50, "fields": {"app_label": "sessions", "model": "session"}}, {"model": "contenttypes.contenttype", "pk": 51, "fields": {"app_label": "user", "model": "profile"}}, {"model": "contenttypes.contenttype", "pk": 52, "fields": {"app_label": "comment", "model": "mycomment"}}, {"model": "contenttypes.contenttype", "pk": 53, "fields": {"app_label": "notifications", "model": "notification"}}, {"model": "contenttypes.contenttype", "pk": 54, "fields": {"app_label": "likes", "model": "likerecord"}}, {"model": "contenttypes.contenttype", "pk": 55, "fields": {"app_label": "likes", "model": "likecount"}}, {"model": "sessions.session", "pk": "2gelwwrb02kv0l4x63q22wuj3twbsgeg", "fields": {"session_data": "e30:1nhRg4:iHQkT77_8swKMslB6b0DnnjFZl_VHCmjUmpwM6gZ-tA", "expire_date": "2022-05-05T07:56:36.223Z"}}, {"model": "sessions.session", "pk": "5cfqhchgk1o1q9rmqq9o0ev4mikyx0qy", "fields": {"session_data": ".eJxVjDsOwyAQRO9CHSGvl2_K9D4DggWCkwhLxq6i3D1YcpF0ozdv5s2c37fi9pZWN0d2Zcguvyx4eqZ6FPHh633htNRtnQM_FH62jU9LTK_b6f4dFN9KX2eUQaE3dowaDJDwVhqlO1YgLWUrejYjDBEAcQhaGEqkcwIksjqxzxe-Qjct:1niqza:PrYoa01f_V8Ikt12J2szUlFOaLxtipm532hyxKAARqs", "expire_date": "2022-05-09T05:10:34.665Z"}}, {"model": "sessions.session", "pk": "7jwki87wkkn996ua72uujehh9hpo109n", "fields": {"session_data": "e30:1nhRcs:r5wulDv6tgQ_9C1SL82onNZxey9qQj0RKzT4gYX8D6E", "expire_date": "2022-05-05T07:53:18.717Z"}}, {"model": "sessions.session", "pk": "7simt48f0t8t9uzymxv9g8qgki404gev", "fields": {"session_data": "e30:1nhgQc:pw5bqSPvvq9Fd4EY_0cO23rnO0-8JDXif3DzfYEJ5eQ", "expire_date": "2022-05-05T23:41:38.374Z"}}, {"model": "sessions.session", "pk": "cw0voe0kd9pgpv1gubgt6vu8g9kjk3z6", "fields": {"session_data": ".eJxVjDsOwyAQRO9CHSGvl2_K9D4DggWCkwhLxq6i3D1YcpF0ozdv5s2c37fi9pZWN0d2Zcguvyx4eqZ6FPHh633htNRtnQM_FH62jU9LTK_b6f4dFN9KX2eUQaE3dowaDJDwVhqlO1YgLWUrejYjDBEAcQhaGEqkcwIksjqxzxe-Qjct:1niqxF:z7MGFBxSXQ3c1G1BJsl_NzCdivRA_pqOsR_2YnXQAjw", "expire_date": "2022-05-09T05:08:09.236Z"}}, {"model": "sessions.session", "pk": "d3o7v04jjpihusa9rkdojlrgsoetrx3f", "fields": {"session_data": ".eJxVjEEOwiAQRe_C2hAYKFCX7nuGZugMUjWQlHZlvLsh6UK3_73332LGY8_z0XibVxJXYcTld4u4PLl0QA8s9yqXWvZtjbIr8qRNTpX4dTvdv4OMLfeakzFGh5EjUExknVaeHGoCBhucBeqcB49JQWK2KgUPhINVanROfL7r8Deb:1ni1AM:DmjEXdJbI0NPGmNsnFH1hkjZ1SkDyUICYOVEDH4voV4", "expire_date": "2022-05-06T21:50:14.824Z"}}, {"model": "sessions.session", "pk": "d5kedpq7svn48a57oieqzn627n79a1vf", "fields": {"session_data": ".eJxVjDsOwyAQRO9CHSHAfJaU6X0GtCw4OIlAMnYV5e6xJRdJOfPezJsF3NYStp6XMCd2ZZ5dfruI9Mz1AOmB9d44tbouc-SHwk_a-dhSft1O9--gYC_7WjsrEtkpEgjSxg2gnLAJzSCFHAilniA6UiA8GBNRJ1LCEHq1R1DIPl_MCDcO:1nlnGe:Ejodg5QggNXBVyRmhs5I4ohCaREtPunPSm4S9VgkHWM", "expire_date": "2022-05-17T07:48:20.839Z"}}, {"model": "sessions.session", "pk": "e2q43n29t9t5vgpjodz9x7bnmpahlwbw", "fields": {"session_data": "e30:1nhfWS:pHWp_qN3r0XzmwLe1HIsBfzSRvHIqYmdBxT_F3ycTfw", "expire_date": "2022-05-05T22:43:36.980Z"}}, {"model": "sessions.session", "pk": "esom2z8h4tv21y8l1s66uft0xsdbbzvo", "fields": {"session_data": ".eJxVjDsOwyAQRO9CHSGvl2_K9D4DggWCkwhLxq6i3D1YcpF0ozdv5s2c37fi9pZWN0d2Zcguvyx4eqZ6FPHh633htNRtnQM_FH62jU9LTK_b6f4dFN9KX2eUQaE3dowaDJDwVhqlO1YgLWUrejYjDBEAcQhaGEqkcwIksjqxzxe-Qjct:1nikN5:ronoIqrlB-0mBd2WjNhT7TzYJdVZZVihY29kU86xYVQ", "expire_date": "2022-05-08T22:06:23.345Z"}}, {"model": "sessions.session", "pk": "ghp3994nqjs4f7fab6vqnnk2m19g26sd", "fields": {"session_data": "e30:1nhRe7:QdfWq0m_U78eefq7Gjq25lIg-_dKtjDz4wqfbChjORo", "expire_date": "2022-05-05T07:54:35.245Z"}}, {"model": "sessions.session", "pk": "h2pa37upbymoyvyjuccml06d3hu57jby", "fields": {"session_data": "e30:1nhqM7:Q0PqMxYOWV9Wutkuhi-EPOiKHwjodGkmGEji99CatVs", "expire_date": "2022-05-06T10:17:39.553Z"}}, {"model": "sessions.session", "pk": "i55465ft9pgllyq3ib6jrp58ujf21ocg", "fields": {"session_data": ".eJxVjDsOwyAQRO9CHSGvl2_K9D4DggWCkwhLxq6i3D1YcpF0ozdv5s2c37fi9pZWN0d2Zcguvyx4eqZ6FPHh633htNRtnQM_FH62jU9LTK_b6f4dFN9KX2eUQaE3dowaDJDwVhqlO1YgLWUrejYjDBEAcQhaGEqkcwIksjqxzxe-Qjct:1nir04:mI7avz7bz8E67dkniSFin_0boFGTvJV4kVjK-9pYcws", "expire_date": "2022-05-09T05:11:04.800Z"}}, {"model": "sessions.session", "pk": "iea7oojmy39ut5f8dp41q1wihvv7qtz6", "fields": {"session_data": "e30:1nhqKU:P5HjHtw4o9eNA-N82SqSX6yxErvmiEH-AwiV4zUHt9A", "expire_date": "2022-05-06T10:15:58.146Z"}}, {"model": "sessions.session", "pk": "pzcjj7hpxpryl4qfkc8dywgqp3o48kt4", "fields": {"session_data": ".eJxVjDsOwyAQRO9CHSGvl2_K9D4DggWCkwhLxq6i3D1YcpF0ozdv5s2c37fi9pZWN0d2Zcguvyx4eqZ6FPHh633htNRtnQM_FH62jU9LTK_b6f4dFN9KX2eUQaE3dowaDJDwVhqlO1YgLWUrejYjDBEAcQhaGEqkcwIksjqxzxe-Qjct:1niqxF:z7MGFBxSXQ3c1G1BJsl_NzCdivRA_pqOsR_2YnXQAjw", "expire_date": "2022-05-09T05:08:09.212Z"}}, {"model": "sessions.session", "pk": "q8c33q4tn7sfvixzkpde3davs80pumwo", "fields": {"session_data": "e30:1nhgRy:aJ4Nw1RDgTjZbKoxdgsU7fmABKn2AgQtbetuyDZ-_ig", "expire_date": "2022-05-05T23:43:02.508Z"}}, {"model": "sessions.session", "pk": "ur13kejntwzam9xlayz6c4kln5dvyhmw", "fields": {"session_data": "e30:1nhRjT:ANFG8w-trQo6RzRlVCbxzC0tOFuuVdQBP-M4JM1bf6M", "expire_date": "2022-05-05T08:00:07.063Z"}}, {"model": "sessions.session", "pk": "w1rtvuefk58ek6xsqb4cecbuzeurwq9j", "fields": {"session_data": "e30:1nhRhY:2JlRz9y0eSfeDWjinrX6L-I8_PpkP6vmCwg6x2YWWuQ", "expire_date": "2022-05-05T07:58:08.509Z"}}, {"model": "sessions.session", "pk": "yz1r2sj6ve8qiezpd1xt3c2fy7dgq0hp", "fields": {"session_data": ".eJxVjDsOwyAQRO9CHSGvl2_K9D4DggWCkwhLxq6i3D1YcpF0ozdv5s2c37fi9pZWN0d2Zcguvyx4eqZ6FPHh633htNRtnQM_FH62jU9LTK_b6f4dFN9KX2eUQaE3dowaDJDwVhqlO1YgLWUrejYjDBEAcQhaGEqkcwIksjqxzxe-Qjct:1nkAHJ:Uv5UasqluGCAFrsfQ1lyh5p4Uq2vJboRS5HrD9yUH2E", "expire_date": "2022-05-12T19:58:17.424Z"}}, {"model": "sessions.session", "pk": "ztfda6n2bba0m49kv30cqugz8h2v09r6", "fields": {"session_data": "e30:1nhqL9:f-0SoyAERXgD2Zrmi9AUaxY1lRvJdkqieDPk5P5jYIU", "expire_date": "2022-05-06T10:16:39.397Z"}}]